Image Name,IOU score,Anchor Score,Boolen_score
4AK606_1_2FNLImage2.png,1.992031868541769e-09,0.0,1
4AK606_1_4LDImage3.png,0.8319897890691929,0.6565109957993576,1
4AK606_1_5LDImage1.png,0.7978665551224486,0.15134277020769943,1
4AK606_1_5LDImage2.png,0.15299732596036297,0.6535119796390019,1
4AK606_1_5LDImage3.png,0.884735099341565,0.6842548481786247,1
4AK606_1_6FNLImage3.png,0.09538461816804733,0.0,1
4AK606_1_6LDImage2.png,0.6032948715259174,0.14255303530793512,1
EDDF07C1_1FNLImage3.png,0.4569892487715343,0.0,1
EDDF07C1_1LDImage3.png,0.8358763433799533,0.12980275072194214,1
EDDF07C1_2FNLImage2.png,0.9058441561498566,0.0,0
EDDF07C1_2LDImage1.png,0.7717082148282645,0.7142583120204603,1
EDDF07C1_2LDImage2.png,0.512201662670303,0.29513470044229995,1
EDDF07C1_2LDImage3.png,4.6210720865891534e-10,0.2221149203283438,1
EDDF07C1_3LDImage1.png,0.8931916869242922,0.7399209486166007,1
EDDF07C1_3LDImage2.png,0.7181241655775931,0.2482776218423067,1
EDDF07C1_4FNLImage1.png,0.8012618302799311,0.0,1
EDDF07C1_4FNLImage3.png,0.8968253969423748,0.0,1
EDDF07C1_4FNLImage4.png,0.9477313974781374,0.043961596766043456,1
EDDF07C1_5FNLImage3.png,0.6546052642940616,0.0,1
EDDF07C1_5FNLImage5.png,0.8535211269668717,0.1501597444089457,1
EDDF07C1_6FNLImage2.png,1.1627906841535966e-08,0.0,1
EDDF07C1_6FNLImage4.png,0.3461139903149078,0.0,1
EDDF07C1_6FNLImage5.png,0.818298144709982,0.0,1
EDDF07C1_6FNLImage6.png,0.8922266139941432,0.0,1
EDDF07C1_7FNLImage2.png,0.8357487930640155,0.0,1
EDDF07C1_7FNLImage4.png,0.9134078214709279,0.0,1
EDDF07C1_7FNLImage6.png,0.9380453752722118,0.4148773006134969,1
EDDF07C1_8LDImage2.png,0.7609384164503298,0.2070444502209514,1
EDDF07C1_9FNLImage1.png,0.7539682549445704,0.0,1
EDDF07C1_9FNLImage4.png,0.9314236111706392,0.36902927580893685,1
EDDF07C1_9LDImage2.png,2.653223666051148e-10,0.12170697889385303,1
EDDF07L1_1FNLImage3.png,0.8437500006975447,0.0,1
EDDF07L1_1FNLImage5.png,0.9100294986577736,0.467680608365019,1
EDDF07L1_1FNLImage6.png,0.9132778050400403,0.7797763733592611,1
EDDF07L1_1LDImage2.png,0.12377012974885465,0.19445553780617678,1
EDDF07L1_2FNLImage2.png,0.8620689663099484,0.0,1
EDDF07L1_2FNLImage6.png,0.678402747995019,0.5268672981809037,1
EDDF07L1_2LDImage1.png,0.2132470673066939,0.271226509596506,1
EDDF07L1_2LDImage2.png,2.9308323555302367e-10,0.267497214625747,1
EDDF07L1_2LDImage3.png,3.86100384609651e-09,0.04815675855197609,1
EDDF07L1_3FNLImage5.png,0.9009100102114156,0.5187265917602997,1
EDDF07L1_3LDImage4.png,1.558603491028896e-10,0.4760204573965068,1
EDDF07L1_4FNLImage2.png,0.7839195990757809,0.0,1
EDDF07L1_4FNLImage3.png,0.8819672135017469,0.0,1
EDDF07L1_4LDImage2.png,0.12479388702494293,0.24860335195530725,1
EDDF07L1_4LDImage3.png,0.8819701170717048,0.12271560476610091,1
EDDF07L1_5FNLImage3.png,0.7526501775524729,0.0,1
EDDF07L1_5LDImage2.png,0.8763206388244373,0.20733594547430115,1
EDDF07L1_6FNLImage2.png,0.8353658546624033,0.002652519893899204,1
EDDF07L1_6FNLImage3.png,0.8148148155768937,0.0,1
EDDF07L1_6FNLImage4.png,0.8571428575072886,0.0,1
EDDF07L1_6LDImage1.png,0.08286532632026099,0.3055500128274565,1
EDDF07L1_7FNLImage4.png,0.8428805239887389,0.0,1
EDDF07L1_7LDImage2.png,0.5738657568068526,0.48177714421477785,1
EDDF07L1_8FNLImage3.png,0.8190954782960026,0.0,1
EDDF07L1_9FNLImage4.png,0.7950617289010822,0.0,1
EDDF07L1_9LDImage4.png,1.5956598050748906e-10,0.12243635988869422,1
EDDF07R1_1FNLImage3.png,0.8691099483292672,0.0,1
EDDF07R1_1FNLImage5.png,0.9330254043117197,0.0,1
EDDF07R1_1FNLImage6.png,0.9074074075082708,0.0,1
EDDF07R1_2FNLImage2.png,0.8833333339814815,0.0,1
EDDF07R1_2FNLImage3.png,0.908000000368,0.0,1
EDDF07R1_2FNLImage4.png,0.8729281771466072,0.0,1
EDDF07R1_2FNLImage5.png,0.91040000014336,0.09782608695652174,1
EDDF07R1_2LDImage1.png,0.7608842728928873,0.7140493650509748,1
EDDF07R1_2LDImage3.png,3.646973011069667e-10,0.3046328185757138,1
EDDF07R1_3FNLImage3.png,0.8154506445688814,0.0,1
EDDF07R1_3FNLImage4.png,0.8815427000508466,0.7052896725440806,1
EDDF07R1_3FNLImage5.png,0.9241379311652794,0.0764163372859025,1
EDDF07R1_3FNLImage6.png,0.9357734807073388,0.01752808988764045,1
EDDF07R1_3LDImage1.png,0.9218691011442175,0.7816241827664733,1
EDDF07R1_4FNLImage1.png,0.7837837852447042,0.0,1
EDDF07R1_4FNLImage4.png,0.7987012993548659,0.0,1
EDDF07R1_4LDImage1.png,0.9802730440905371,0.2929708222811671,1
EDDF07R1_5FNLImage3.png,0.8085106391127207,0.0,1
EDDF07R1_5FNLImage5.png,0.9064039410403876,0.6363636363636364,1
EDDF07R1_6LDImage1.png,0.9268874962710536,0.7479737411523086,1
EDDF07R1_7FNLImage3.png,0.9290322582934444,0.0,1
EDDF07R1_8FNLImage1.png,6.535947669699688e-09,0.0,1
EDDF07R1_8FNLImage3.png,0.4816753953838984,0.0,1
EDDF07R1_8FNLImage4.png,0.7826086963792351,0.04263565891472868,1
EDDF07R1_8LDImage1.png,0.9304359900041569,0.6169043256592049,1
EDDF07R1_8LDImage2.png,0.8297151232101441,0.7167780094464066,1
EDDF07R1_9LDImage1.png,0.909579873592525,0.8719292835851578,1
EDDF25C1_1FNLImage1.png,0.4525547485214982,0.0,1
EDDF25C1_1FNLImage7.png,0.9565622452595129,0.5957792207792207,1
EDDF25C1_1LDImage3.png,0.8902057613228969,0.43216205454907425,1
EDDF25C1_2FNLImage1.png,0.9305555560378086,0.12863070539419086,1
EDDF25C1_2FNLImage2.png,0.8783068789507572,0.09236947791164658,1
EDDF25C1_2FNLImage3.png,0.8961538465532545,0.10029498525073746,1
EDDF25C1_2FNLImage5.png,0.9183673470577736,0.0,1
EDDF25C1_2FNLImage6.png,0.9531043593440526,0.0,1
EDDF25C1_2LDImage1.png,0.5885209284390754,0.5955414012738853,1
EDDF25C1_2LDImage2.png,0.4205337652686055,0.41346461735510726,1
EDDF25C1_3FNLImage2.png,0.8115183255941449,0.0,1
EDDF25C1_3LDImage1.png,0.7797314578093139,0.6060925189172323,1
EDDF25C1_3LDImage2.png,0.8820684728316718,0.7248556838365897,1
EDDF25C1_4FNLImage3.png,0.8577075104438439,0.0,1
EDDF25C1_4FNLImage7.png,0.9384526176326663,0.794052442473817,1
EDDF25C1_4LDImage2.png,0.8566478342857515,0.5862340732956784,1
EDDF25C1_5FNLImage4.png,0.8962962965523549,0.08006535947712418,1
EDDF25C1_5FNLImage5.png,0.9115168540568583,0.0,1
EDDF25C1_6FNLImage1.png,0.6875000024414062,0.0,1
EDDF25C1_6FNLImage2.png,0.55851064064622,0.003663003663003663,1
EDDF25C1_6FNLImage5.png,0.9306184013112845,0.009954751131221719,1
EDDF25C1_7FNLImage3.png,0.8522727278323002,0.10057471264367816,1
EDDF25C1_7FNLImage6.png,0.565369479857731,0.17985611510791366,1
EDDF25C1_7LDImage2.png,0.9027285339960573,0.6696856430898984,1
EDDF25C1_7LDImage3.png,0.7415841584414273,0.37648466205246517,1
EDDF25C1_8FNLImage1.png,0.6993464071938144,0.0,1
EDDF25C1_8FNLImage3.png,0.7904761914739229,0.0,1
EDDF25C1_9LDImage4.png,0.7159319074887881,0.5730803974706413,1
EDDF25C2_1FNLImage2.png,0.8010471214604863,0.3744292237442922,1
EDDF25C2_1LDImage1.png,0.9875523863142693,0.7839117647058823,1
EDDF25C2_1LDImage3.png,0.8755002980552031,0.6871384238151795,1
EDDF25C2_2FNLImage4.png,0.8618421057176247,0.29743589743589743,1
EDDF25C2_2FNLImage5.png,0.9396709324686089,0.11012658227848102,1
EDDF25C2_2LDImage3.png,0.8445584637733636,0.7549044532011355,1
EDDF25C2_2LDImage4.png,0.49062335250946143,0.46829699233024136,1
EDDF25C2_2LDImage5.png,0.24615783676505038,0.21334231805929918,1
EDDF25C2_3FNLImage1.png,0.7808219193094389,0.0,1
EDDF25C2_3FNLImage3.png,0.8355555562864198,0.0,1
EDDF25C2_3FNLImage4.png,0.8856382981764939,0.0,1
EDDF25C2_3LDImage1.png,0.9407914092401886,0.4557519150651794,1
EDDF25C2_4FNLImage3.png,0.8559322040002872,0.003105590062111801,1
EDDF25C2_4FNLImage4.png,0.9118457302703974,0.0,1
EDDF25C2_4LDImage4.png,0.8600107353805684,0.4786783042394015,1
EDDF25C2_5FNLImage3.png,0.8473684218559556,0.0,1
EDDF25C2_5FNLImage7.png,0.93430127044127,0.06262104583602324,1
EDDF25C2_5LDImage1.png,0.9213209674133706,0.7837180727301247,1
EDDF25C2_6FNLImage1.png,0.7467532483977062,0.14855072463768115,1
EDDF25C2_6FNLImage2.png,0.7093023272714981,0.0,1
EDDF25C2_6FNLImage3.png,0.8092783514985652,0.0,1
EDDF25C2_6LDImage1.png,0.9570357188263837,0.7894792126215836,1
EDDF25C2_7FNLImage3.png,0.8505747132161888,0.5038461538461538,1
EDDF25C2_7FNLImage5.png,0.6091644210119078,0.0,1
EDDF25C2_7FNLImage6.png,0.5308474579451882,0.263519313304721,1
EDDF25C2_7FNLImage7.png,0.19006395767232612,0.1334308705193855,1
EDDF25C2_7LDImage1.png,0.9915232133544757,0.7371209300993672,1
EDDF25C2_8FNLImage2.png,0.7565789489698753,0.012658227848101266,1
EDDF25C2_LDImage2.png,0.9444625010168103,0.9044918046461192,1
EDDF25C2_LDImage3.png,0.8581339590951317,0.47448022510551824,1
EDDF25L1_1FNLImage3.png,0.44303797546689455,0.20423892100192678,1
EDDF25L1_1FNLImage4.png,0.8239003626137001,0.40876033975462167,1
EDDF25L1_2FNLImage6.png,0.8834154353310092,0.0,1
EDDF25L1_2LDImage2.png,0.7047307692421257,0.4618397591417965,1
EDDF25L1_3FNLImage2.png,0.7828947382704293,0.0,1
EDDF25L1_3LDImage3.png,2.0942408372577504e-10,0.31281390856406954,1
EDDF25L1_4FNLImage3.png,0.8333333339793282,0.09798994974874371,1
EDDF25L1_4LDImage2.png,0.8821336270838,0.7290868862224491,1
EDDF25L1_5FNLImage5.png,0.8345070428362428,0.0,0
EDDF25L1_5LDImage1.png,0.9642521657456359,0.6759823732219101,1
EDDF25L1_6FNLImage1.png,0.764367817446162,0.0,1
EDDF25L1_6FNLImage8.png,0.8075941614878231,0.5022531293463143,1
EDDF25L1_6LDImage1.png,0.9384667181601714,0.6717011283690293,1
EDDF25L1_7FNLImage4.png,0.6864686478994434,0.0,1
EDDF25L1_7FNLImage5.png,0.8030303034566444,0.0,1
EDDF25L1_7LDImage3.png,0.7693581095158152,0.646667547685124,1
EDDF25L1_7LDImage4.png,0.7827420509372516,0.06301342416349429,1
EDDF25L1_8FNLImage2.png,0.6278026922520059,0.0,1
EDDF25L1_8FNLImage4.png,0.6379310357312723,0.0,1
EDDF25L1_8FNLImage5.png,0.5840336143192572,0.2510204081632653,1
EDDF25L1_8FNLImage8.png,0.4404698749950383,0.5448958269313503,1
EDDF25L1_8LDImage2.png,0.8140998614764169,0.6706011864717755,1
EDDF25L1_9LDImage3.png,2.194907813390055e-10,0.5019828155981494,1
EDDF25R1_2FNLImage1.png,0.7478260891493383,0.0,1
EDDF25R1_2FNLImage3.png,0.8737864083796776,0.0,1
EDDF25R1_2LDImage1.png,0.5063387123644857,0.3558344259224574,1
EDDF25R1_3FNLImage2.png,0.8344370871891583,0.0,1
EDDF25R1_3FNLImage3.png,0.8761061952384681,0.4075471698113208,1
EDDF25R1_3FNLImage6.png,0.93901156683595,0.49823321554770317,1
EDDF25R1_3LDImage1.png,0.6617869556466249,0.5262840849765069,1
EDDF25R1_4FNLImage5.png,0.8777292579088881,0.004098360655737705,1
EDDF25R1_4FNLImage6.png,0.8279914531752228,0.43346007604562736,1
EDDF25R1_4LDImage1.png,0.8995588235331045,0.6348808473080317,1
EDDF25R1_4LDImage2.png,0.8603430499709117,0.34418431116500325,1
EDDF25R1_5FNLImage4.png,0.8795986626100379,0.0,1
EDDF25R1_5FNLImage7.png,0.9002087682880566,0.6838402178847027,1
EDDF25R1_5LDImage1.png,0.7871371656282694,0.6198154345401075,1
EDDF25R1_5LDImage2.png,0.670268173777135,0.6705502778275677,1
EDDF25R1_6FNLImage6.png,0.8604427335318163,0.5975103734439834,1
EDDF25R1_6LDImage1.png,0.8830547246213952,0.6177186489280118,1
EDDF25R1_7FNLImage1.png,0.24390244517152485,0.033112582781456956,1
EDDF25R1_7FNLImage2.png,0.5347826107183364,0.28321678321678323,1
EDDF25R1_7FNLImage4.png,0.49004975251231403,0.0,1
EDDF25R1_8FNLImage1.png,0.6818181842286501,0.0,1
EDDF25R1_9FNLImage6.png,0.8942992875364617,0.34337827121332276,1
EDDF25R1_9FNLImage7.png,0.8929663608755233,0.6062839410395655,1
EDDF36_1_1FNLImage3.png,0.8825910932362439,0.002702702702702703,1
EDDF36_1_1LDImage2.png,0.5597367689721257,0.16914670029424128,1
EDDF36_1_2FNLImage2.png,0.8479262679819066,0.0,1
EDDF36_1_2FNLImage3.png,0.9458333335590278,0.0,1
EDDF36_1_2FNLImage4.png,0.9151515154086318,0.0,1
EDDF36_1_2FNLImage6.png,0.9131968949095294,0.49163636363636365,1
EDDF36_1_2LDImage1.png,0.055290578255969676,0.08573784006595218,1
EDDF36_1_3FNLImage2.png,0.8436213998204881,0.0,1
EDDF36_1_3FNLImage3.png,0.8935361220778094,0.0,0
EDDF36_1_3FNLImage6.png,0.9253819036866147,0.052398989898989896,1
EDDF36_1_4FNLImage6.png,0.7874064839230633,0.5796661608497724,1
EDDF36_1_4LDImage1.png,0.8415630853101321,0.5890736970145701,1
EDDF36_1_5FNLImage4.png,0.8150289022687026,0.4424778761061947,1
EDDF36_1_7FNLImage6.png,0.7767032968014492,0.08550898203592815,1
EDDF36_1_7LDImage1.png,0.6543676830141678,0.4304710745977829,1
EDDF36_1_7LDImage4.png,1.4357501792626346e-10,0.0,1
EDDF36_1_8FNLImage6.png,0.8810900083558298,0.42701342281879195,1
EDDF36_1_9FNLImage1.png,0.7843137268999103,0.0,1
EDDF36_1_9FNLImage6.png,0.9201277955909523,0.24064837905236908,1
EDDF36_1_9LDImage1.png,0.8639055971411036,0.6264486493320409,1
EDDF36_1_9LDImage2.png,0.6877766847408047,0.4263254532935506,1
EDFE26_1_10FNLImage6.png,0.9272326351408681,0.0,1
EDFE26_1_10LDImage3.png,0.14341217662268754,0.40775712410551723,1
EDFE26_1_1FNLImage1.png,2.5641024983563464e-08,0.0,1
EDFE26_1_1FNLImage2.png,0.30434784120982955,0.0,1
EDFE26_1_1FNLImage5.png,0.8409090918130165,0.0,1
EDFE26_1_2FNLImage2.png,0.5527522946037792,0.0,1
EDFE26_1_2FNLImage3.png,0.70702541128025,0.2565130260521042,1
EDFE26_1_2FNLImage4.png,0.8389850236797559,0.16149314977827786,1
EDFE26_1_2LDImage1.png,0.48878702603821444,0.5431393931618449,1
EDFE26_1_3FNLImage1.png,2.4999999375000016e-08,0.0,1
EDFE26_1_3FNLImage2.png,0.2419354960978146,0.0,1
EDFE26_1_3FNLImage6.png,0.8424437304101488,0.0,1
EDFE26_1_3LDImage1.png,0.9741803002769077,0.210601853296309,1
EDFE26_1_3LDImage3.png,0.8196593081948697,0.3100048417624015,1
EDFE26_1_4FNLImage3.png,0.7919463101211657,0.0,1
EDFE26_1_4FNLImage6.png,0.33733905607839526,0.09955423476968796,1
EDFE26_1_4LDImage2.png,0.9194341358226462,0.7816532961283572,1
EDFE26_1_5FNLImage5.png,0.7897435908218278,0.0,1
EDFE26_1_5LDImage1.png,0.9701167623203999,0.32130394583793137,1
EDFE26_1_7FNLImage1.png,1.5151514921946744e-08,0.0,1
EDFE26_1_7FNLImage3.png,1.2499999843750002e-08,0.0,1
EDFE26_1_7FNLImage7.png,0.7803468210631829,0.3052486187845304,1
EDFE26_1_8FNLImage1.png,0.6984127008062484,0.0,1
EDFE26_1_9FNLImage4.png,0.08653847032174547,0.0,1
EDFE26_1_9FNLImage8.png,0.9683011899909416,0.2633347045111751,1
ETOU07_1_10FNLImage2.png,0.7272727300275482,0.3125,1
ETOU07_1_10FNLImage6.png,0.8874172187915734,0.24029574861367836,1
ETOU07_1_10LDImage1.png,0.9842592967270563,0.6442307692307693,1
ETOU07_1_1FNLImage2.png,0.7142857170068027,0.0,1
ETOU07_1_1FNLImage5.png,0.8526645772643744,0.0,1
ETOU07_1_1FNLImage6.png,0.9487750557363307,0.0,1
ETOU07_1_1LDImage1.png,0.9770111541768393,0.7524795046723614,1
ETOU07_1_1LDImage3.png,0.09082455058333389,0.40742285237698084,1
ETOU07_1_2FNLImage3.png,0.627272730661157,0.0,1
ETOU07_1_2FNLImage4.png,0.7322834666749334,0.0,1
ETOU07_1_2FNLImage7.png,0.9503546099730898,0.0,1
ETOU07_1_2LDImage2.png,0.9214453690339434,0.8117872377470183,1
ETOU07_1_2LDImage3.png,0.8709916695269319,0.7018953323903819,1
ETOU07_1_3FNLImage5.png,0.8458333339756945,0.16712328767123288,1
ETOU07_1_3FNLImage7.png,0.8903047091716607,0.4830611747501828,1
ETOU07_1_3LDImage1.png,0.9184287146237207,0.5220781752607466,1
ETOU07_1_6FNLImage1.png,1.349527663495914e-09,0.0,1
ETOU07_1_6FNLImage3.png,0.8462656732970624,0.45716332378223495,1
ETOU07_1_6LDImage1.png,0.9749203044702712,0.6706330734318632,1
ETOU07_1_7FNLImage1.png,1.0,0.0,1
ETOU07_1_7FNLImage3.png,1.0,0.0,1
ETOU07_1_7LDImage3.png,0.9506794450021262,0.6988301169883012,1
ETOU07_1_8LDImage3.png,0.8193938797687988,0.569236744999029,1
ETOU07_1_9FNLImage5.png,0.8801652897513831,0.0,1
ETOU25_1_10LDImage1.png,0.9470285316646617,0.5673504185181358,1
ETOU25_1_10LDImage2.png,0.9209210289648886,0.4165784599100291,1
ETOU25_1_1FNLImage3.png,0.6666666695156694,0.0,1
ETOU25_1_1FNLImage4.png,0.6853932601944199,0.0,1
ETOU25_1_1FNLImage6.png,0.85421412333892,0.0,1
ETOU25_1_2FNLImage4.png,0.8624338631617255,0.28888888888888886,1
ETOU25_1_2FNLImage6.png,0.9181818183305785,0.3952451708766716,1
ETOU25_1_2FNLImage7.png,0.9044238121767211,0.16932658622031918,1
ETOU25_1_2LDImage1.png,0.9560268794642576,0.7012976279031324,1
ETOU25_1_3FNLImage4.png,0.728643217444004,0.1833810888252149,1
ETOU25_1_3FNLImage5.png,0.8718861214523626,0.0,1
ETOU25_1_4FNLImage1.png,0.8309859178734378,0.0,1
ETOU25_1_4FNLImage7.png,0.9032033426857915,0.31002865329512896,1
ETOU25_1_4LDImage2.png,0.948843951941108,0.813142556970258,1
ETOU25_1_5FNLImage4.png,0.7327188952409267,0.04823151125401929,1
ETOU25_1_6FNLImage5.png,0.7800480771874422,0.0,1
ETOU25_1_7FNLImage3.png,0.5693430688369119,0.0,1
ETOU25_1_7FNLImage4.png,0.8211009182518306,0.11397058823529412,1
ETOU25_1_7FNLImage5.png,0.8296703301382683,0.0,1
ETOU25_1_7FNLImage6.png,0.9051620649397815,0.0,1
ETOU25_1_7LDImage3.png,0.8238202247289989,0.42806068662052527,1
ETOU25_1_8FNLImage5.png,0.8596938779089441,0.0,1
ETOU25_1_8FNLImage6.png,0.8469273744727068,0.2219804134929271,1
ETOU25_1_8LDImage1.png,0.8185969881834091,0.6147338430677094,1
ETOU25_1_9FNLImage1.png,1.5873015621063245e-08,0.0,1
FACT19_1_1FNLImage5.png,0.8214285719191523,0.0,1
FACT19_1_1LDImage1.png,0.9934018000112251,0.7707376878130217,1
FACT19_1_2FNLImage6.png,0.9321533923804178,0.10854176498348278,1
FACT19_1_2LDImage1.png,0.9261993589426147,0.660562170123972,1
FACT19_2_1FNLImage4.png,0.8242811507211465,0.0,1
FACT19_2_1FNLImage6.png,0.928203574696091,0.4972302822474281,1
FACT19_2_2LDImage2.png,0.9325400416267184,0.5458952746876948,1
FACT19_3_1FNLImage1.png,0.8606557382760011,0.16216216216216217,1
FACT19_3_1FNLImage2.png,0.8142076507808534,0.0,1
FACT19_3_1LDImage4.png,0.8324767569537174,0.5203145478374837,1
FACT19_3_2LDImage1.png,0.9937706270629633,0.5381068134696504,1
FACT19_3_2LDImage3.png,0.9259581670916224,0.6796748323765284,1
FACT19_4_1LDImage1.png,1.0,0.0,1
FACT19_5_1FNLImage3.png,7.423904968504896e-10,0.0,1
FACT19_5_1LDImage1.png,0.8022289767371369,0.296617050067659,1
FACT19_5_1LDImage3.png,0.9139383343997188,0.2829339803862097,1
FACT19_6_1LDImage1.png,0.9553082290533935,0.5732061946304187,1
FACT19_6_1LDImage2.png,0.96787244607154,0.4579330777806625,1
KASE15_1_10FNLImage1.png,0.6141732313844628,0.0,1
KASE15_1_10FNLImage4.png,0.8340080978380239,0.0,1
KASE15_1_10FNLImage6.png,0.9145299146516668,0.0,1
KASE15_1_10FNLImage7.png,0.9379734848778536,0.18873142067058418,1
KASE15_1_10LDImage2.png,6.064281378978604e-10,0.0,1
KASE15_1_1FNLImage1.png,0.7303370816816058,0.042735042735042736,1
KASE15_1_1FNLImage2.png,0.8596491240381656,0.1323529411764706,1
KASE15_1_1FNLImage7.png,0.9383301708364988,0.3314415437003405,1
KASE15_1_2FNLImage5.png,0.9061224493627655,0.36009732360097324,1
KASE15_1_2FNLImage6.png,0.8930348261367292,0.21012658227848102,1
KASE15_1_3FNLImage3.png,0.8178694164334385,0.40189125295508277,1
KASE15_1_3FNLImage5.png,0.9511754069157546,0.28790882061446976,1
KASE15_1_3LDImage2.png,0.815509444013334,0.6525445292620865,1
KASE15_1_4FNLImage2.png,0.6576576607418229,0.09558823529411764,1
KASE15_1_4FNLImage7.png,0.9167604050430141,0.2658757850662945,1
KASE15_1_5LDImage2.png,0.7565177518828431,0.4181522524692845,1
KASE15_1_6FNLImage4.png,0.9523809524142991,0.3215502555366269,1
KASE15_1_7FNLImage3.png,0.8387096779396462,0.0,1
KASE15_1_7FNLImage5.png,0.8828220859614588,0.687888942077549,1
KASE15_1_7LDImage1.png,0.9100176547690633,0.5652372889112627,1
KASE15_1_8FNLImage4.png,0.8633540381158135,0.379746835443038,1
KASE15_1_8FNLImage5.png,0.8354430386690167,0.0,1
KASE15_1_9FNLImage1.png,0.209876552964487,0.0,1
KASE15_1_9FNLImage2.png,0.7007874039308079,0.23076923076923078,1
KASE15_1_9FNLImage3.png,0.8561151089488122,0.5693069306930693,1
KASE15_1_9FNLImage4.png,0.74782608805293,0.42948717948717946,1
KASE15_1_9FNLImage5.png,0.8067796616719334,0.0,1
KASE33_1_10FNLImage1.png,0.736000002112,0.0,1
KASE33_1_10FNLImage2.png,0.6734693894210746,0.0,1
KASE33_1_10FNLImage6.png,0.9666193181877452,0.6734209276555327,1
KASE33_1_1FNLImage2.png,0.6480446947036609,0.03686635944700461,1
KASE33_1_1LDImage2.png,0.8184212811584676,0.3243260366838787,1
KASE33_1_1LDImage3.png,0.07734019580546206,0.19024311314267223,1
KASE33_1_2FNLImage1.png,0.7541899455073188,0.0,1
KASE33_1_2FNLImage2.png,0.7100000009666667,0.0,1
KASE33_1_2FNLImage3.png,0.9436619719632348,0.0,1
KASE33_1_2FNLImage6.png,0.9792847797660064,0.632129984552892,1
KASE33_1_3FNLImage6.png,0.9881611065912058,0.787994189470378,1
KASE33_1_3LDImage1.png,0.9879783858817177,0.9365323565323566,1
KASE33_1_4FNLImage2.png,0.8328075715053389,0.0,1
KASE33_1_4LDImage1.png,0.9902276797137317,0.8174759142980396,1
KASE33_1_4LDImage2.png,0.9680287952582188,0.8648600935651867,1
KASE33_1_5FNLImage1.png,0.7342657361240158,0.0,1
KASE33_1_5FNLImage3.png,0.8601823712456463,0.1517509727626459,1
KASE33_1_5FNLImage4.png,0.886868687097235,0.0,1
KASE33_1_6FNLImage1.png,0.7452229315590896,0.0,1
KASE33_1_6FNLImage2.png,0.7593361005836676,0.0,1
KASE33_1_6FNLImage4.png,0.9154676260513173,0.44785276073619634,1
KASE33_1_6LDImage4.png,0.5117170985229293,0.4873542902832134,1
KASE33_1_7FNLImage5.png,0.9614850798190544,0.18892261001517452,1
KASE33_1_8FNLImage2.png,0.9508825787023157,0.5547905909351692,1
KASE33_1_8FNLImage3.png,0.9740994854224615,0.2336760652957388,1
KASE33_1_8LDImage1.png,0.983264629447458,0.9281086776211078,1
KASE33_1_9FNLImage1.png,1.0,0.0,1
KASE33_1_9FNLImage5.png,0.8900293256744438,0.5726872246696035,1
KASE33_1_9FNLImage7.png,0.9859512778369488,0.725546566824898,1
KJAC01_1_10LDImage1.png,0.9917121319398728,0.8023292789569918,1
KJAC01_1_2FNLImage3.png,0.680219780571187,0.0,1
KJAC01_1_2FNLImage4.png,0.1960724770527308,0.38505345189329604,1
KJAC01_1_2LDImage2.png,0.9856718655408172,0.8510914760914761,1
KJAC01_1_3FNLImage3.png,0.7761780107641649,0.0,1
KJAC01_1_4FNLImage3.png,0.942748091675893,0.0,1
KJAC01_1_6LDImage2.png,0.9634646410331497,0.8513902040113627,1
KJAC01_1_7FNLImage2.png,0.8553948833644106,0.09026798307475317,1
KJAC01_1_8FNLImage1.png,0.8098591555990875,0.291044776119403,1
KJAC01_1_8FNLImage2.png,0.837209302616799,0.4195804195804196,1
KJAC01_1_8LDImage2.png,0.6326444821907712,0.6235773899848255,1
KJAC01_1_9FNLImage1.png,0.8000000007843138,0.0,1
KJAC01_1_9FNLImage3.png,0.886904762039399,0.0,1
KJAC01_1_9LDImage3.png,0.8756715853291206,0.5537469057084989,1
KJAC19_1_10FNLImage1.png,0.7704918051599032,0.0,1
KJAC19_1_10LDImage1.png,0.939721415190754,0.7412872683319903,1
KJAC19_1_1FNLImage1.png,0.7950819688927707,0.0,1
KJAC19_1_1FNLImage5.png,0.9183168317842614,0.09782608695652174,1
KJAC19_1_3FNLImage1.png,0.6392405086124019,0.0,1
KJAC19_1_3FNLImage2.png,0.7783505166064406,0.0,1
KJAC19_1_3LDImage2.png,0.6871549503358738,0.3966970667981267,1
KJAC19_1_4FNLImage2.png,0.8444444453086419,0.33519553072625696,1
KJAC19_1_4FNLImage5.png,0.94035346101594,0.2877777777777778,1
KJAC19_1_4LDImage1.png,0.9291029708702306,0.73621977911394,1
KJAC19_1_5FNLImage1.png,0.3333333422222221,0.0,1
KJAC19_1_5LDImage2.png,0.8943792633043826,0.7226935569884132,1
KJAC19_1_5LDImage3.png,0.9138495766693128,0.6699390066802208,1
KJAC19_1_6FNLImage1.png,0.3870967791363163,0.0,1
KJAC19_1_7FNLImage4.png,0.8316633269906547,0.05670103092783505,1
KJAC19_1_7LDImage1.png,0.9054504377321251,0.6069659876658569,1
KJAC19_1_8FNLImage1.png,0.8700000013,0.0,1
KJAC19_1_8FNLImage2.png,0.8214285727040816,0.0,0
KJAC19_1_8FNLImage3.png,0.8873239441909674,0.0,1
KJAC19_1_8FNLImage5.png,0.8110344830192627,0.0,1
KJAC19_1_8LDImage1.png,0.18141087593943503,0.40142142669123454,1
KJAC19_1_9LDImage1.png,0.9120478866106094,0.6451174224593337,1
KJFK13R_2LDImage2.png,0.8309187279301309,0.4001650784122458,1
KJFK13R_3LDImage2.png,0.8576079878489997,0.5034846341777035,1
KJFK13R_4FNLImage4.png,0.8560411312904356,0.0,1
KJFK13R_4FNLImage5.png,0.891992551277472,0.0,1
KJFK13R_6LDImage1.png,0.630739256713203,0.3296375523485282,1
KJFK13R_7FNLImage1.png,0.8358662616476197,0.0,1
KJFK13R_7LDImage2.png,0.9049157547366713,0.5184221688109713,1
KJFK13R_8FNLImage4.png,0.5426368543496319,0.4180410636149445,1
KJFK13R_8LDImage1.png,0.8749605802635225,0.3553631212979655,1
KJFK13R_9FNLImage5.png,8.097165985346423e-10,0.0,1
KLAX06R1_1FNLImage1.png,0.7157676351496186,0.0,1
KLAX06R1_1FNLImage2.png,0.9230917502001647,0.23330702446724547,1
KLAX06R1_1LDImage1.png,0.5110551663926206,0.6488348024695764,1
KLAX06R1_1LDImage4.png,1.5206812649755655e-10,0.30806948725133093,1
KLAX06R1_2LDImage3.png,0.9318549573429004,0.7539033731035498,1
KLAX06R1_4FNLImage1.png,0.5296912119599867,0.0,1
KLAX06R1_5LDImage1.png,0.9804249973840455,0.7478089184243475,1
KLAX06R1_6FNLImage2.png,0.9660227664770571,0.6031746031746031,1
KLAX06R1_6LDImage2.png,0.9016320738068447,0.332099336726824,1
KLAX06R1_7FNLImage2.png,0.4096969697991866,0.6054808686659773,1
KLAX06R1_7LDImage2.png,0.18546692025538095,0.4006274327543136,1
KLAX06R1_8FNLImage2.png,0.9560841720116955,0.4503375120540019,1
KLAX06R1_9LDImage1.png,0.9631883845429545,0.8396730663215167,1
KLAX06R1_9LDImage2.png,0.9639692659812337,0.8091344540378924,1
KLAX06R1_9LDImage3.png,0.7543011517482865,0.5605520926090828,1
LFMT12R1_1FNLImage1.png,3.846153698224858e-08,0.0,1
LFMT12R1_2FNLImage3.png,0.7067669194979931,0.0,1
LFMT12R1_3FNLImage1.png,2.9411763840830475e-08,0.0,1
LFMT12R1_3FNLImage6.png,0.828483920630193,0.1910891089108911,1
LFMT12R1_4FNLImage4.png,0.8814814823593964,0.08064516129032258,1
LFMT12R1_4FNLImage5.png,0.8512110731792004,0.0,1
LFMT12R1_4LDImage1.png,0.8679598356974916,0.7777969389954732,1
LFMT12R1_5FNLImage3.png,0.7755102063723448,0.265625,1
LFMT12R1_5FNLImage4.png,0.8633093535013715,0.0,1
LFMT12R1_6LDImage2.png,0.8760345529430584,0.720372460496614,1
LFMT12R1_7FNLImage2.png,1.9607842752787398e-08,0.0,1
LFMT12R1_7FNLImage5.png,0.7965517248394768,0.1328125,1
LFMT12R1_7FNLImage6.png,0.8685714287216326,0.24716981132075472,1
LFMT12R1_8FNLImage2.png,8.064516063995838e-09,0.0,1
LFMT12R1_8LDImage1.png,0.7673753295693401,0.7851784374665095,1
LFMT12R1_9FNLImage5.png,0.817034700892635,0.0,1
LFMT30R1_1FNLImage3.png,0.8647058831487889,0.0,1
LFMT30R1_1FNLImage4.png,0.9066666670814815,0.0453257790368272,1
LFMT30R1_1FNLImage5.png,0.916434540622745,0.7289002557544757,1
LFMT30R1_1LDImage3.png,0.9292847938172807,0.6619941916747338,1
LFMT30R1_2FNLImage2.png,0.8750000010416666,0.0,1
LFMT30R1_2FNLImage3.png,0.856287426010255,0.0,1
LFMT30R1_2LDImage3.png,0.9123431598179854,0.735345303281124,1
LFMT30R1_3FNLImage2.png,0.8358208967476053,0.0,1
LFMT30R1_3FNLImage3.png,0.9090909096418732,0.3446327683615819,1
LFMT30R1_3FNLImage5.png,0.9219653181446089,0.05363984674329502,1
LFMT30R1_3FNLImage6.png,0.8836898397276873,0.5323275862068966,1
LFMT30R1_3LDImage4.png,0.8177238682430089,0.35842891010444033,1
LFMT30R1_4FNLImage3.png,0.8612716771024759,0.0,1
LFMT30R1_4FNLImage7.png,0.9360243716841776,0.6393979057591623,1
LFMT30R1_5FNLImage1.png,0.8583333345138888,0.0,0
LFMT30R1_5FNLImage2.png,0.8287671244604992,0.0,1
LFMT30R1_5FNLImage5.png,0.9046391755035073,0.0,1
LFMT30R1_5FNLImage6.png,0.9231568017412702,0.3207236842105263,1
LFMT30R1_5LDImage1.png,0.8997581774239594,0.7288676236044657,1
LFMT30R1_6FNLImage1.png,1.0,0.0,1
LFMT30R1_6FNLImage4.png,1.0,0.0,1
LFMT30R1_7FNLImage1.png,0.7964601787923878,0.0,1
LFMT30R1_7FNLImage4.png,0.8871595335129979,0.06040268456375839,1
LFMT30R1_7FNLImage5.png,0.9012345681450998,0.10182767624020887,1
LFMT30R1_7LDImage1.png,0.9895900805038591,0.767496678523979,1
LFMT30R1_8FNLImage3.png,0.8305084755338504,0.0,1
LFMT30R1_8FNLImage6.png,0.9021479714771504,0.3505263157894737,1
LFMT30R1_9FNLImage7.png,0.9669108030385939,0.7887536086356219,1
LFPG09R1_1FNLImage6.png,0.9335959482460338,0.2795146990200653,1
LFPG09R1_1LDImage1.png,0.5668244406382605,0.3449649765439239,1
LFPG09R1_2LDImage1.png,0.9694843813161994,0.7704487652801707,1
LFPG09R1_2LDImage2.png,0.9131212012905446,0.7366076319152821,1
LFPG09R1_3FNLImage5.png,0.9565532223341396,0.12930452397029035,1
LFPG09R1_3LDImage2.png,0.6608756350230397,0.6854200025966157,1
LFPG09R1_4FNLImage1.png,0.8937500006640625,0.2,1
LFPG09R1_4FNLImage2.png,0.8737864083796776,0.0,1
LFPG09R1_5FNLImage1.png,0.6716417934952105,0.0,1
LFPG09R1_5FNLImage2.png,0.7988505758686748,0.16363636363636364,1
LFPG09R1_5FNLImage3.png,0.9012875540717272,0.0,1
LFPG09R1_5FNLImage4.png,0.839673913479147,0.6935933147632312,1
LFPG09R1_5FNLImage5.png,0.9260808927111842,0.055080721747388414,1
LFPG09R1_5FNLImage6.png,0.9088971763695,0.1837719298245614,1
LFPG09R1_6FNLImage1.png,1.0,0.0,1
LFPG09R1_6LDImage1.png,0.9654496254768639,0.6222815977271958,1
LFPG09R1_7FNLImage1.png,0.7768595059763677,0.0,1
LFPG09R1_8FNLImage1.png,0.8571428581632653,0.09876543209876543,1
LFPG09R1_8FNLImage2.png,0.8776595751188321,0.0,1
LFPG09R1_8FNLImage5.png,0.8978494624754307,0.09125188536953242,1
LFPG09R1_8LDImage2.png,0.9106849315087316,0.7087632148770857,1
LFPG09R1_9FNLImage1.png,0.798611112509645,0.0,1
LFPG27L1_1LDImage2.png,0.8922563986891214,0.717071006607981,1
LFPG27L1_2FNLImage1.png,0.7528517119663433,0.0,1
LFPG27L1_2FNLImage2.png,0.7847222227205504,0.032171581769437,1
LFPG27L1_2FNLImage3.png,0.8235294119682475,0.6815533980582524,1
LFPG27L1_2FNLImage4.png,0.9029363785061434,0.5713772024451637,1
LFPG27L1_2FNLImage5.png,0.9595908891284689,0.7277089610534538,1
LFPG27L1_3FNL_Image1.png,0.7894736860572483,0.0,1
LFPG27L1_3FNL_Image3.png,0.6860068270102156,0.37183098591549296,1
LFPG27L1_3FNL_Image5.png,0.5521267726837975,0.31801801801801804,1
LFPG27L1_4FNLImage4.png,0.8462867013417212,0.5676453655728267,1
LFPG27L1_5FNLImage4.png,0.8260869567207243,0.3278955954323002,1
LFPG27L1_5LDImage2.png,0.9591836734707466,0.7639958120342428,1
LFPG27L1_6FNLImage1.png,0.6692307717751479,0.0,1
LFPG27L1_6FNLImage3.png,0.7194719481205546,0.0,1
LFPG27L1_6FNLImage4.png,0.8232484079247637,0.14218455743879474,1
LFPG27L1_6FNLImage6.png,0.9705679466566591,0.4423306335154141,1
LFPG27L1_7FNLImage2.png,0.7118644080005745,0.0,1
LFPG27L1_7FNLImage6.png,0.9371675053963215,0.43925803892854964,1
LFPG27L1_7LDImage2.png,0.8283522666995341,0.7094926140012845,1
LFPG27L1_8FNLImage1.png,0.7446808524219104,0.0,1
LFPG27L1_8FNLImage2.png,0.8840970353528382,0.1488933601609658,1
LFPG27L1_8FNLImage4.png,0.948803827775692,0.5068191816981962,1
LFPG27L1_8FNLImage5.png,0.96961475854791,0.48074745186862966,1
LFPG27L1_8LDImage1.png,0.7361071720569209,0.7757083628708299,1
LFPG27L1_9FNLImage2.png,0.8650793656147644,0.0,1
LFPG27L1_9LDImage1.png,0.9780317838030921,0.7560317582671703,1
LGAV03L1_1FNLImage3.png,0.7576601678059606,0.0,1
LGAV03L1_2FNLImage1.png,0.8402777788869599,0.0,1
LGAV03L1_2FNLImage2.png,0.8102564112294544,0.5032467532467533,1
LGAV03L1_2LDImage1.png,0.9063595393132262,0.23083533245014143,1
LGAV03L1_4FNLImage1.png,0.8974358980933597,0.0,1
LGAV03L1_5FNLImage4.png,0.8463901692067739,0.0,1
LGAV03L1_5FNLImage5.png,0.9205797101909683,0.3515151515151515,1
LGAV03L1_8FNLImage4.png,0.8606965176439527,0.0,1
LGAV03R1_1FNLImage2.png,0.5812500026171875,0.23195876288659795,1
LGAV03R1_1FNLImage5.png,0.8181818183614804,0.0,1
LGAV03R1_1LDImage1.png,0.2856126080688555,0.0,1
LGAV03R1_2FNLImage4.png,0.8428571433061225,0.0,1
LGAV03R1_2LDImage1.png,1.0,0.0,1
LGAV03R1_3FNLImage1.png,0.7818181838016529,0.0,1
LGAV03R1_3FNLImage4.png,0.8005464486323868,0.0,1
LGAV03R1_4FNLImage3.png,0.6930232572417523,0.0,0
LGAV03R1_4FNLImage6.png,0.7931781268039101,0.18939984411535463,1
LGAV03R1_4FNLImage7.png,0.8699808795766236,0.6970134874759152,1
LGAV03R1_5FNLImage1.png,0.7165354353028706,0.0,1
LGAV03R1_6FNLImage6.png,1.0,0.0,1
LGAV03R1_6LDImage1.png,1.0,0.0,1
LGAV03R1_7FNLImage1.png,0.8205128220468989,0.0033222591362126247,1
LGAV03R2_1FNLImage1.png,0.703296706557179,0.0,1
LGAV03R2_1FNLImage4.png,0.8021978032846274,0.0,1
LGAV03R2_1FNLImage7.png,0.9421238047598773,0.06644004944375773,1
LGAV03R2_2FNLImage4.png,0.723756907603553,0.0,1
LGAV03R2_2FNLImage8.png,0.9737319370517913,0.7552902597735308,1
LGAV03R2_4FNLImage2.png,0.8155339823734564,0.0,1
LGAV03R2_4FNLImage3.png,0.7187500021972656,0.0,1
LGAV03R2_4FNLImage4.png,0.8350515472420024,0.0,1
LGAV03R2_4FNLImage6.png,0.8734793188887113,0.0,1
LGAV03R2_4FNLImage7.png,0.8929942418939568,0.5802919708029197,1
LGAV03R2_4FNLImage8.png,0.9831915117142982,0.4407030671499279,1
LGAV03R2_4LDImage3.png,0.6813548498101011,0.17673790627984326,1
LGAV03R2_5LDImage2.png,0.9685393258544797,0.5859893758300133,1
LGAV03R2_6FNLImage1.png,1.0,0.0,1
LGAV03R2_6FNLImage3.png,1.0,0.0,1
LGAV03R2_6FNLImage4.png,1.0,0.0,1
LGAV03R2_6FNLImage6.png,0.7367149764813647,0.0,1
LGAV03R2_7FNLImage2.png,1.0,0.0,1
LGAV03R2_7LDImage2.png,0.9831392794385359,0.4033603707995365,1
LGAV03R2_8FNLImage2.png,0.7187500029296875,0.0,1
LGAV03R2_8FNLImage4.png,0.8782051289858646,0.0,1
LGAV03R2_8FNLImage6.png,0.8439716314823198,0.0,1
LGAV03R2_8LDImage2.png,0.9806084758951882,0.268367900230446,1
LGAV03R3_1FNLImage3.png,0.6299212627565255,0.0,1
LGAV03R3_1FNLImage5.png,0.804000000784,0.0,1
LGAV03R3_1FNLImage7.png,1.0,0.0,1
LGAV03R3_1LDImage1.png,0.9824700822745667,0.37766975543065473,1
LGAV03R3_1LDImage2.png,0.9894367985379393,0.7329762815608263,1
LGAV03R3_2FNLImage1.png,0.7378640802149118,0.028846153846153848,1
LGAV03R3_2LDImage1.png,0.9873568347470199,0.3153094035041669,1
LGAV03R3_2LDImage3.png,0.9520589422704865,0.8379842223007182,1
LGAV03R3_3FNLImage1.png,0.8367346955435235,0.0,1
LGAV03R3_3FNLImage2.png,0.7833333351388889,0.0,1
LGAV03R3_3FNLImage3.png,0.7111111132510288,0.0,1
LGAV03R3_3FNLImage6.png,0.8268907565934609,0.0,1
LGAV03R3_3FNLImage8.png,1.0,0.0,1
LGAV03R3_3LDImage1.png,0.9903739355798605,0.4264415418923224,1
LGAV03R3_4FNLImage2.png,0.8224299082015897,0.0,1
LGAV03R3_4FNLImage4.png,0.8539325850902664,0.0,1
LGAV03R3_4FNLImage7.png,1.0,0.0,1
LGAV03R3_4LDImage1.png,0.9804093297695027,0.4406677457234441,1
LGAV03R3_5FNLImage5.png,0.7773722635862326,0.0,1
LGAV03R3_5LDImage4.png,0.692861655093042,0.47270329166188785,1
LGAV03R3_6FNLImage1.png,3.225806347554634e-08,0.0,1
LGAV03R3_6FNLImage8.png,1.0,0.0,1
LGAV03R3_6LDImage4.png,0.9873696753057084,0.7744705208929593,1
LGAV03R3_7FNLImage2.png,0.8181818195592286,0.0,1
LGAV03R3_7FNLImage6.png,0.8581196583621886,0.0,1
LGAV03R3_7LDImage1.png,0.983803967328644,0.19890414187238556,1
LGAV03R3_8FNLImage8.png,1.0,0.0,1
LGAV03R3_8LDImage3.png,0.9880341452427458,0.7247310369767652,1
LGAV03R3_8LDImage4.png,0.3078404004594542,0.30587709829902854,1
LGAV21L1_1FNLImage4.png,0.9042709868861989,0.02535211267605634,1
LGAV21L1_2FNLImage1.png,0.8397435907708745,0.09504132231404959,1
LGAV21L1_2FNLImage2.png,0.7298578211855079,0.0,1
LGAV21L1_2FNLImage3.png,0.7552238813276899,0.2926829268292683,1
LGAV21L1_3FNLImage3.png,0.8212290507786898,0.0,1
LGAV21L1_3FNLImage6.png,0.4068663258285708,0.3672340127477761,1
LGAV21L1_4LDImage1.png,0.8193618708066427,0.20366277233975372,1
LGAV21L1_6FNLImage1.png,1.0,0.0,1
LGAV21L1_7FNLImage1.png,0.7616279083626284,0.15873015873015872,1
LGAV21L1_7FNLImage2.png,0.8309859162864511,0.36619718309859156,1
LGAV21L1_7FNLImage5.png,0.9523809524362591,0.0,1
LGAV21L1_8FNLImage1.png,0.6438356188778382,0.1575,1
LGAV21L1_8FNLImage2.png,0.8979591843676246,0.0,1
LGAV21L1_8FNLImage6.png,0.9022809123884078,0.42951028195887214,1
LGAV21L2_1FNLImage4.png,0.9168316833330066,0.3062605752961083,1
LGAV21L2_2FNLImage1.png,0.6564417198991306,0.0,1
LGAV21L2_2FNLImage2.png,0.8032128521959323,0.0,1
LGAV21L2_2LDImage1.png,0.7040135965872646,0.19641442155309033,1
LGAV21L2_3FNLImage2.png,0.7943925243252685,0.6183574879227053,1
LGAV21L2_3FNLImage5.png,0.9137187231115456,0.3125,1
LGAV21L2_4FNLImage1.png,0.700000002,0.0,1
LGAV21L2_5FNLImage1.png,0.7251908417924363,0.0,1
LGAV21L2_5FNLImage5.png,0.873473918009463,0.0,1
LGAV21L2_6FNLImage1.png,1.0,0.0,1
LGAV21L2_6FNLImage2.png,1.0,0.0,1
LGAV21L2_7FNLImage3.png,0.8964401297849834,0.025559105431309903,1
LGAV21L2_7FNLImage5.png,0.8476135711054551,0.40405797101449276,1
LGAV21L2_8FNLImage1.png,0.7663551423705127,0.0,1
LGAV21L3_1FNLImage1.png,0.6178861819684051,0.007434944237918215,1
LGAV21L3_1FNLImage4.png,0.7917737794555944,0.15798922800718132,1
LGAV21L3_1FNLImage5.png,0.8196480941060879,0.42417061611374407,1
LGAV21L3_1FNLImage6.png,0.9454697986805916,0.3838258164852255,1
LGAV21L3_2FNLImage1.png,0.6324786356198407,0.0,1
LGAV21L3_2FNLImage4.png,0.9205479454231563,0.4910025706940874,1
LGAV21L3_2FNLImage5.png,0.9283489097689269,0.40877914951989025,1
LGAV21L3_3FNLImage1.png,0.7293233103058397,0.10176991150442478,1
LGAV21L3_3FNLImage2.png,0.6800000021333333,0.0,1
LGAV21L3_3FNLImage3.png,0.8018433188855146,0.0,1
LGAV21L3_4FNLImage2.png,0.7424242443755739,0.0,1
LGAV21L3_5FNLImage1.png,0.688000002496,0.0,1
LGAV21L3_5FNLImage2.png,0.6381578971173822,0.0,1
LGAV21L3_5FNLImage3.png,0.7475728167593553,0.0,1
LGAV21L3_5FNLImage4.png,0.7538860110002953,0.0,1
LGAV21L3_5FNLImage5.png,0.8039215689478406,0.061422413793103446,1
LGAV21L3_5FNLImage6.png,0.9286092015184509,0.5403368794326241,1
LGAV21L3_5LDImage3.png,0.8689059501085503,0.7737753495694045,1
LGAV21L3_6FNLImage1.png,1.0,0.0,1
LGAV21L3_6FNLImage2.png,1.0,0.0,1
LGAV21L3_6LDImage1.png,0.9474499177418247,0.5691194922134475,1
LGAV21L3_6LDImage2.png,0.9342845982414402,0.6620415449529373,1
LGAV21L3_7FNLImage2.png,0.6250000026041667,0.06965174129353234,0
LGAV21L3_7FNLImage3.png,0.8536585372992267,0.1504424778761062,1
LGAV21L3_7FNLImage6.png,0.9280027691491856,0.31519016169437486,1
LGAV21L3_7LDImage2.png,0.9399606299228149,0.7963729400255851,1
LGAV21L3_8FNLImage1.png,0.8152173933128544,0.0,1
LGAV21L3_8FNLImage4.png,0.7473404262038819,0.19946091644204852,1
LGAV21L3_8FNLImage6.png,0.6148020655370734,0.09750353273669336,1
LGAV21L3_8LDImage1.png,0.8875830959186534,0.5515311162331248,1
LGAV21L4_1FNLImage1.png,0.7730496469996478,0.045774647887323945,1
LGAV21L4_1LDImage1.png,0.7453784914660129,0.0,1
LGAV21L4_2FNLImage3.png,0.8306772911739496,0.04875,1
LGAV21L4_2FNLImage4.png,0.8716814160238338,0.0,1
LGAV21L4_2FNLImage5.png,0.8171899354671142,0.0,1
LGAV21L4_2LDImage1.png,0.5550327676768555,0.12025796661608498,1
LGAV21L4_3FNLImage4.png,0.844640434298073,0.0,1
LGAV21L4_5FNLImage1.png,0.7042253541955961,0.0,1
LGAV21L4_5LDImage1.png,0.6185837392996283,0.22155568886222757,1
LGAV21L4_6FNLImage6.png,1.0,0.0,1
LGAV21L4_6LDImage1.png,0.0012853472576509538,0.004930524428507396,1
LGAV21L4_7FNLImage4.png,0.9265357821871211,0.0,1
LGAV21L4_8FNLImage1.png,0.7500000021551724,0.0,1
LGAV21L4_8FNLImage3.png,0.8354430383912834,0.0,1
LIPZ22R1_1FNLImage1.png,0.6642335790931856,0.0,1
LIPZ22R1_1FNLImage4.png,0.9243697482169339,0.4653179190751445,1
LIPZ22R1_1LDImage4.png,0.9171400587740314,0.36996302266047215,1
LIPZ22R1_2FNLImage1.png,1.020408152852978e-08,0.0,1
LIPZ22R1_2FNLImage2.png,6.8965516765755055e-09,0.0,1
LIPZ22R1_2FNLImage6.png,0.8793103450009909,0.0,1
LIPZ22R1_2LDImage2.png,0.989945305080079,0.8305152117413239,1
LIPZ22R1_2LDImage4.png,0.9054034265701125,0.3841153999657905,1
LIPZ22R1_3FNLImage1.png,0.7467532483977062,0.0,1
LIPZ22R1_3LDImage1.png,0.9464342222621204,0.8892965477394194,1
LIPZ22R1_3LDImage2.png,0.894082453034114,0.3052668052668053,1
LIPZ22R1_4FNLImage3.png,0.853535354275074,0.0,1
LIPZ22R1_5FNLImage1.png,0.7000000023076923,0.20958083832335328,1
LIPZ22R1_5FNLImage2.png,0.6702702720525932,0.04819277108433735,1
LIPZ22R1_5FNLImage5.png,0.8776041669854058,0.34359805510534847,1
LIPZ22R1_6FNLImage6.png,0.8902127660508827,0.2295381801554641,1
LIPZ22R1_7FNLImage2.png,0.8444444453086419,0.0,1
LIPZ22R1_7FNLImage3.png,0.8584474892308334,0.32398753894080995,1
LIPZ22R1_7LDImage1.png,0.9625694276753787,0.8995785359421723,1
LIPZ22R1_7LDImage2.png,0.8173045362162867,0.45458656330749353,1
LIPZ22R1_8FNLImage1.png,0.7551020433152853,0.6436781609195402,1
LIPZ22R1_8FNLImage5.png,0.849624060527258,0.0,1
LIPZ22R1_8LDImage3.png,0.7903737415673443,0.36821891502640425,1
LIPZ22R1_9FNLImage1.png,0.7179487203594126,0.0,1
LIPZ22R1_9FNLImage4.png,0.8178137659197823,0.34243697478991597,1
LOWI08_1_10FNLImage3.png,0.805882354083045,0.3435374149659864,1
LOWI08_1_10FNLImage5.png,0.8755102043356935,0.6140350877192983,1
LOWI08_1_10LDImage1.png,0.9896027348817729,0.9018875704402803,1
LOWI08_1_10LDImage2.png,0.8621318238555077,0.7725933918520894,1
LOWI08_1_1FNLImage1.png,0.7651515169306703,0.0,1
LOWI08_1_1FNLImage5.png,0.8721649487171856,0.4259927797833935,1
LOWI08_1_1FNLImage6.png,0.9187935035430831,0.3288212069937958,1
LOWI08_1_2FNLImage2.png,0.8014184411246918,0.0,1
LOWI08_1_2FNLImage4.png,0.7857142864431487,0.42779291553133514,1
LOWI08_1_2FNLImage6.png,0.9379932356606577,0.3534596738651388,1
LOWI08_1_3FNLImage4.png,0.79352226804242,0.0,1
LOWI08_1_3FNLImage5.png,0.8024691362089112,0.1597315436241611,1
LOWI08_1_3FNLImage6.png,0.942598187354533,0.06374321880650995,1
LOWI08_1_4FNLImage4.png,0.8078291821785438,0.0,1
LOWI08_1_4FNLImage6.png,0.9487820112749644,0.2318840579710145,1
LOWI08_1_4LDImage3.png,0.9194602069562987,0.6116857444950122,1
LOWI08_1_5FNLImage1.png,0.6814814838408779,0.11981566820276497,1
LOWI08_1_5FNLImage4.png,0.839080460386665,0.21709006928406466,1
LOWI08_1_5FNLImage5.png,0.8579766539728081,0.0,1
LOWI08_1_5FNLImage6.png,0.9780000000146667,0.26846933848382426,1
LOWI08_1_6FNLImage3.png,0.7393939409733701,0.40816326530612246,1
LOWI08_1_6FNLImage4.png,0.7649572659617211,0.0,1
LOWI08_1_6LDImage1.png,0.8973703317897096,0.6953453898606582,1
LOWI08_1_7FNLImage1.png,0.8160919550799313,0.0,1
LOWI08_1_7FNLImage4.png,0.8830874007473964,0.29952524816573156,1
LOWI08_1_8FNLImage2.png,0.7432432449780861,0.0,1
LOWI08_1_8LDImage1.png,0.8142747505788342,0.713987557696167,1
LOWI08_1_8LDImage2.png,0.8860982322196193,0.6716063719673828,1
LOWI08_1_9FNLImage1.png,0.6063829829108193,0.0,1
LOWI08_1_9LDImage1.png,0.7900011285455366,0.3140839971035482,1
LOWI26_1_10FNLImage2.png,0.7868852476484816,0.006578947368421052,1
LOWI26_1_10FNLImage7.png,0.9741841208114058,0.47668780305856023,1
LOWI26_1_1FNLImage4.png,0.8962264155838376,0.344311377245509,1
LOWI26_1_1FNLImage5.png,0.8623853215217574,0.0,1
LOWI26_1_1LDImage2.png,0.99251410195602,0.7888797753088261,1
LOWI26_1_2FNLImage1.png,0.9032258074921956,0.0,1
LOWI26_1_2FNLImage2.png,0.864406780810112,0.0,1
LOWI26_1_2FNLImage6.png,0.9293478262149496,0.362400906002265,1
LOWI26_1_3FNLImage4.png,0.9200000004,0.087248322147651,1
LOWI26_1_3FNLImage6.png,0.9069767443524567,0.21189979123173278,1
LOWI26_1_3LDImage2.png,0.9545398606917586,0.9577344493521072,1
LOWI26_1_4FNLImage6.png,0.9421487604262004,0.18508026440037773,1
LOWI26_1_5FNLImage5.png,0.9464285715880102,0.0,1
LOWI26_1_5LDImage1.png,0.9932079905994545,0.8510959062971124,1
LOWI26_1_5LDImage2.png,0.9339622641532255,0.781358304452146,1
LOWI26_1_6FNLImage2.png,8.547008473957193e-09,0.0,1
LOWI26_1_6FNLImage6.png,0.8863013700187653,0.0,1
LOWI26_1_6LDImage1.png,0.9879775309460901,0.8523983381593856,1
LOWI26_1_6LDImage3.png,0.9412220643353045,0.8116857324435971,1
LOWI26_1_7FNLImage3.png,0.8313253022209319,0.0,1
LOWI26_1_7FNLImage4.png,0.8016194340015408,0.0633245382585752,1
LOWI26_1_7LDImage3.png,0.9264741502293922,0.8332620549556292,1
LOWI26_1_8FNLImage2.png,0.7790697687263386,0.08,1
LOWI26_1_8FNLImage3.png,0.6713615038903216,0.0,1
LOWI26_1_8LDImage1.png,0.9678543652974665,0.6950350708293219,1
LOWI26_1_8LDImage3.png,1.3925637095957995e-10,0.4843864060345527,1
LOWI26_1_9FNLImage3.png,0.7202797222358062,0.0,1
LOWI26_1_9LDImage1.png,0.8157443566097784,0.273736984188199,1
LOWI26_1_9LDImage2.png,0.132368948750147,0.24803195184070387,1
LPPD12_1_1FNLImage1.png,0.7954545477789255,0.18461538461538463,1
LPPD12_1_1FNLImage4.png,0.8577586213027646,0.0,1
LPPD12_1_2FNLImage1.png,1.3513513330898468e-08,0.0,1
LPPD12_1_2FNLImage3.png,0.8500000009374999,0.12195121951219512,1
LPPD12_1_2FNLImage4.png,0.7907949799548327,0.36227544910179643,1
LPPD12_1_2FNLImage5.png,0.8752886838907883,0.3567567567567568,1
LPPD12_1_3FNLImage3.png,0.8025477719582944,0.0,1
LPPD12_1_3FNLImage4.png,0.876651982922238,0.11864406779661017,1
LPPD12_1_4FNLImage4.png,0.7355769243481879,0.12062256809338522,1
LPPD12_1_4FNLImage5.png,0.8140243908109013,0.16,1
LPPD12_1_4LDImage2.png,0.835730858481382,0.7018708509354254,1
LPPD12_1_5FNLImage3.png,0.8435754198682938,0.0,1
LPPD12_1_5FNLImage4.png,0.8978723408601177,0.6180124223602484,1
LPPD12_1_5FNLImage5.png,0.9044117649401673,0.44490934449093444,1
LPPD12_1_5LDImage1.png,0.9889937539556725,0.6295519103308852,1
LPPD12_1_5LDImage2.png,0.9233057851259172,0.7895977808599168,1
LPPD12_1_5LDImage3.png,0.8258422316177599,0.7711532889017676,1
LPPD12_1_6FNLImage2.png,1.0,0.0,1
LPPD12_1_6FNLImage3.png,0.7666666682222222,0.0,1
LPPD12_1_6FNLImage5.png,0.8941176473702422,0.0,1
LPPD12_1_6FNLImage6.png,0.8838174275064135,0.1074468085106383,1
LPPD12_1_6LDImage2.png,0.9839200877091022,0.8785616750113792,1
LPPD12_1_6LDImage3.png,0.8725334543028452,0.8418050597547726,1
LPPD12_1_7FNLImage6.png,0.9395448080088586,0.3775720164609053,1
LPPD12_1_7LDImage1.png,0.9917961115113724,0.518111404851352,1
LPPD12_1_7LDImage3.png,0.8431887556013922,0.578823836223758,1
LPPD12_1_8FNLImage2.png,0.7793103463495838,0.038461538461538464,1
LPPD12_1_8FNLImage3.png,0.7784090921681301,0.1598173515981735,1
LPPD12_1_8LDImage1.png,0.9152514472299582,0.7679144110629346,1
LPPD30_1_1FNLImage1.png,0.7467532483977062,0.0,1
LPPD30_1_1LDImage1.png,0.980814440511773,0.6481425853609692,1
LPPD30_1_1LDImage3.png,0.8703904901980961,0.6883794969754855,1
LPPD30_1_2FNLImage6.png,0.9539877300966352,0.2877432930036823,1
LPPD30_1_2FNLImage7.png,0.9834523725349372,0.7657491098329224,1
LPPD30_1_2LDImage1.png,0.989590361446034,0.6445613736099868,1
LPPD30_1_2LDImage3.png,0.8932700859832037,0.7065557325780374,1
LPPD30_1_2LDImage4.png,0.8559648582108536,0.603461511619792,1
LPPD30_1_3FNLImage4.png,0.563517916731212,0.0,1
LPPD30_1_3FNLImage5.png,0.5468750007866754,0.0,1
LPPD30_1_3FNLImage6.png,0.617845118166797,0.017857142857142856,1
LPPD30_1_3FNLImage7.png,0.9573200038491474,0.8447769675158633,1
LPPD30_1_4FNLImage3.png,0.6952789712648971,0.27058823529411763,1
LPPD30_1_4FNLImage4.png,0.8162650607943823,0.0486322188449848,1
LPPD30_1_4FNLImage5.png,0.9150326799236761,0.21320495185694635,1
LPPD30_1_5FNLImage2.png,0.7763157904547553,0.0,1
LPPD30_1_5FNLImage6.png,0.9175334324535412,0.14028934677772906,1
LPPD30_1_5LDImage3.png,0.911289852543493,0.7442372881355932,1
LPPD30_1_5LDImage4.png,0.8592068859622497,0.5776884682699164,1
LPPD30_1_7FNLImage1.png,0.7954545470041322,0.0,1
LPPD30_1_7FNLImage2.png,0.810810811833455,0.0,1
LPPD30_1_7FNLImage4.png,0.7605633809561595,0.0,1
LPPD30_1_7FNLImage7.png,0.960115606944101,0.7843330702446725,1
LPPD30_1_7LDImage1.png,0.9873583596705713,0.8352941176470589,1
LPPD30_1_7LDImage3.png,0.9132762312665851,0.7931022285107888,1
LPPD30_1_7LDImage4.png,0.8552546974455059,0.7086890049687858,1
LPPD30_1_8FNLImage1.png,0.7464788750247966,0.0,1
LPPD30_1_8FNLImage6.png,0.9385052034640442,0.6372462488967343,1
LPPD30_1_8LDImage2.png,0.9912827301200632,0.7995001980922195,1
LPPD30_1_8LDImage5.png,0.8837714686376607,0.7994409002938857,1
LPPD30_1_9FNLImage2.png,0.6756756778670562,0.0,1
LPPD30_1_9FNLImage3.png,0.8358208963391995,0.0,1
LPPD30_1_9FNLImage4.png,0.8830188683659665,0.0,1
LPPD30_1_9FNLImage7.png,0.36809815962667813,0.15166537567776917,1
LPPD30_1_9LDImage1.png,0.9882040695964863,0.6234900776531492,1
LPPD30_1_9LDImage2.png,0.9872201402905987,0.7367901086728736,1
LPPD30_2_1FNLImage3.png,0.8086419764898644,0.0,1
LPPD30_2_1FNLImage6.png,0.9543889845487186,0.4449371766444937,1
LPPD30_2_2FNLImage4.png,0.8826815649012203,0.0,1
LPPD30_2_2FNLImage7.png,0.9951017811707951,0.7764907511376397,1
LPPD30_2_3FNLImage1.png,0.5698924777430916,0.0,1
LPPD30_2_3FNLImage3.png,0.5000000044642856,0.09009009009009009,1
LPPD30_2_3FNLImage4.png,0.6975308660646243,0.22627737226277372,1
LPPD30_2_3LDImage1.png,0.9919382961703432,0.8481401153987805,1
LPPD30_2_4LDImage2.png,0.9136410529497274,0.7028933487312338,1
LPPD30_2_5FNLImage1.png,0.85815602937478,0.0,1
LPPD30_2_5FNLImage2.png,0.8873239444554651,0.027548209366391185,1
LPPD30_2_5FNLImage5.png,0.9344262297231927,0.0,1
LPPD30_2_5FNLImage7.png,0.9856600590476797,0.7500831393415364,1
LPPD30_2_5LDImage2.png,0.890832049315036,0.7657059467347683,1
LPPD30_2_6FNLImage5.png,0.9324758844614923,0.24261603375527427,1
LPPD30_2_6LDImage2.png,0.9474874510467348,0.7514054993355821,1
LPPD30_2_7FNLImage4.png,0.728205129598948,0.005154639175257732,0
LPPD30_2_7FNLImage7.png,0.9924174843894216,0.854537338179963,1
LPPD30_2_8FNLImage2.png,0.8571428581632653,0.004405286343612335,1
LPPD30_2_9FNLImage1.png,0.7900000021,0.0,1
LPPD30_2_9FNLImage5.png,0.9301470590803417,0.285132382892057,1
LPPD30_2_9FNLImage6.png,0.9169054442451211,0.5970873786407767,1
LPPD30_3_1FNLImage1.png,0.8074074088340192,0.08823529411764706,1
LPPD30_3_1FNLImage2.png,0.9006622523134951,0.08646616541353383,1
LPPD30_3_1FNLImage6.png,0.9276665304750035,0.7769637769637769,1
LPPD30_3_1LDImage2.png,0.8822119652154969,0.3813935681470138,1
LPPD30_3_2FNLImage1.png,0.88495575323048,0.0,1
LPPD30_3_2FNLImage4.png,0.7606382985089407,0.5459940652818991,1
LPPD30_3_2FNLImage6.png,0.8937023666691928,0.07548076923076923,1
LPPD30_3_3FNLImage6.png,0.7274041938801865,0.1478667445938048,1
LPPD30_3_4FNLImage3.png,0.8137254911091888,0.03665987780040733,1
LPPD30_3_4FNLImage4.png,0.8519736846974549,0.5505154639175258,1
LPPD30_3_5FNLImage1.png,0.8000000015384615,0.014218009478672985,1
LPPD30_3_5FNLImage2.png,0.9005847959030129,0.011869436201780416,1
LPPD30_3_5FNLImage5.png,0.9445843829413295,0.1693548387096774,1
LPPD30_3_5LDImage1.png,0.8738878143187669,0.7138018265231746,1
LPPD30_3_5LDImage2.png,0.8170152091428693,0.7093133535660091,1
LPPD30_3_6FNLImage4.png,0.7978436663130899,0.0,1
LPPD30_3_7FNLImage1.png,0.7280701778239458,0.0,1
LPPD30_3_7FNLImage3.png,0.7290836664179934,0.0,1
LPPD30_3_7FNLImage5.png,0.8695035462843921,0.04411764705882353,1
LPPD30_3_8FNLImage1.png,0.8257575770775941,0.0,1
LPPD30_3_8FNLImage3.png,0.9049773759955775,0.584375,1
LPPD30_3_8FNLImage7.png,0.9917057831658521,0.6523728746696122,1
LPPD30_3_8LDImage2.png,0.8371520545505442,0.7718114768843317,1
LPPD30_3_9LDImage1.png,0.8142046779225888,0.7031051253273476,1
LSZH34_1_10FLNImage1.png,0.6067415752430249,0.0,1
LSZH34_1_10FLNImage4.png,0.8357843141279796,0.0,1
LSZH34_1_10LDImage1.png,0.5402277987230464,0.63812382739212,1
LSZH34_1_1FNLImage4.png,0.9090909093575047,0.32547169811320753,1
LSZH34_1_2FNLImage3.png,0.8319672138034131,0.33663366336633666,1
LSZH34_1_2FNLImage4.png,0.9126506026727391,0.0,1
LSZH34_1_2FNLImage5.png,0.9011764708207612,0.0,1
LSZH34_1_2FNLImage7.png,0.9598306679247572,0.48222003184471907,1
LSZH34_1_2FNLImage8.png,0.9828684383927392,0.7662106215556713,1
LSZH34_1_2FNLImage9.png,0.6134429116903001,0.47625056331680937,1
LSZH34_1_3FNLImage2.png,0.8181818191000918,0.0,1
LSZH34_1_3FNLImage5.png,0.8948751643956963,0.1582222222222222,1
LSZH34_1_3FNLImage6.png,0.9361013750509298,0.7352587244283996,1
LSZH34_1_4FNLImage3.png,0.8636363640495868,0.0,1
LSZH34_1_4FNLImage6.png,0.9548567870555952,0.5569075530494139,1
LSZH34_1_4LDImage1.png,0.9307118739464755,0.7916858909292239,1
LSZH34_1_4LDImage2.png,0.795980116720987,0.8368408607235753,1
LSZH34_1_5FNLImage6.png,0.7927225472431952,0.27791986359761295,1
LSZH34_1_5LDImage2.png,0.8981827555141048,0.7826875826875827,1
LSZH34_1_6FNLImage2.png,0.7202072553357137,0.0,1
LSZH34_1_6FNLImage3.png,0.7814814822908093,0.5245098039215687,1
LSZH34_1_6FNLImage4.png,0.8351955311866046,0.5023923444976076,1
LSZH34_1_6FNLImage6.png,0.9406392694289805,0.5268130745658836,1
LSZH34_1_6LDImage1.png,0.9860077931282322,0.890289590927501,1
LSZH34_1_7FNLImage3.png,1.0,0.0,1
LSZH34_1_8FNLImage2.png,0.793814434052503,0.4009009009009009,1
LSZH34_1_8FNLImage6.png,0.9198229218298952,0.22379518072289156,1
LSZH34_1_9FNLImage5.png,0.7574468087686737,0.0,1
LSZH34_1_9LDImage1.png,0.9757178647144862,0.7132802015720429,1
LXGB09_1_1FNL1Image4.png,0.9658591868584985,0.41855958660781567,1
LXGB09_1_1LDImage2.png,0.7479341712556118,0.4068769290123457,1
LXGB09_1_2FNLImage3.png,0.5722397479039496,0.022442813983599482,1
LXGB09_1_2LDImage3.png,0.9867374977104463,0.9057688576921042,1
LXGB09_1_2LDImage4.png,0.9255203677715005,0.6238818756771739,1
LXGB09_1_2LDImage5.png,0.8721699119397821,0.6861905154186232,1
LXGB09_1_3FNLImage2.png,0.7427184467407129,0.0,1
LXGB09_1_3FNLImage3.png,0.9900035958295574,0.36896191679947243,1
LXGB09_1_5LDImage2.png,0.9940239589902677,0.8390595313489551,1
LXGB09_1_5LDImage3.png,0.9941715698029369,0.8556516961955776,1
LXGB09_1_6FNLImage2.png,1.0,0.0,1
LXGB09_1_6FNLImage4.png,0.9638842382291594,0.0,1
LXGB09_1_6LDImage1.png,0.9932707993478145,0.6055243655962272,1
LXGB09_1_6LDImage3.png,0.9898274194750087,0.8455446641191782,1
LXGB09_1_6LDImage4.png,0.9555542925358619,0.7272476558190843,1
LXGB09_1_7LDImage3.png,0.9235408004594681,0.5604664332784185,1
LXGB09_1_8LDImage3.png,0.9905357598747121,0.6100846862724598,1
LXGB09_1_8LDImage4.png,0.9446248354557665,0.5002222274205245,1
LXGB09_2_2FNLImage3.png,0.7822222224158024,0.0,1
LXGB09_2_4FNLImage4.png,0.9499731038327129,0.02756963099109289,1
LXGB09_2_4LDImage2.png,0.9390345815615808,0.44419990829894546,1
LXGB09_2_4LDImage4.png,0.8457638542963466,0.4540160986470286,1
LXGB09_2_5FNLImage2.png,0.41712707343335065,0.0,1
LXGB09_2_5LDImage1.png,0.9805832329654154,0.7122973804801314,1
LXGB09_2_6FNLImage1.png,1.0,0.0,1
LXGB09_2_6LDImage3.png,0.8791282995739985,0.349725843791885,1
LXGB09_2_7FNLImage3.png,1.383125862540628e-09,0.0,1
LXGB09_2_7FNLImage4.png,0.9562982005328629,0.35951567836075754,1
LXGB09_2_8FNLImage4.png,0.6587133797466888,0.023122456529781725,1
LXGB09_2_8LDImage3.png,0.29309527132673746,0.7275014117767853,1
LXGB27_1_1LDImage3.png,0.8789226273739726,0.4229835970105794,1
LXGB27_1_3FNLImage2.png,3.759398482107525e-09,0.0,1
LXGB27_1_3LDImage1.png,0.9815705970121762,0.7647733353719135,1
LXGB27_1_4FNLImage2.png,0.6494845369858646,0.0,1
LXGB27_1_4FNLImage3.png,0.8111380147564915,0.0,1
LXGB27_1_4LDImage3.png,0.90216309169136,0.6599480836768973,1
LXGB27_1_5FNLImage4.png,0.9406648027522011,0.6099453866053464,1
LXGB27_1_6LDImage1.png,0.9903436031785926,0.8404719266828189,1
LXGB27_1_7FNLImage4.png,0.9568711492213042,0.39381044487427463,1
LXGB27_1_7LDImage3.png,0.9218602544289811,0.5132107634238402,1
LXGB27_1_8FNLImage3.png,0.9281690141856774,0.0,1
LXGB27_1_8LDImage2.png,0.0765444253469582,0.1449148843299869,1
NZQN05_1_1FNLImage2.png,0.812500001953125,0.15204678362573099,1
NZQN05_1_1FNLImage3.png,0.8955223888393852,0.0,1
NZQN05_1_1FNLImage5.png,0.8541033439085005,0.0,1
NZQN05_1_2FNLImage1.png,0.620253169363884,0.0,1
NZQN05_1_2FNLImage3.png,0.7770270285336012,0.0,1
NZQN05_1_3FNLImage3.png,0.8357142868877551,0.0037593984962406013,1
NZQN05_1_3FNLImage4.png,0.8983957224684721,0.17355371900826447,1
NZQN05_1_3FNLImage6.png,0.9165120594466492,0.09130434782608696,1
NZQN05_1_3LDImage2.png,0.2934457059766354,0.5756921781240131,1
NZQN05_1_4FNLImage3.png,0.7878787894857667,0.0,1
NZQN05_1_4FNLImage6.png,0.8605817453755449,0.11518324607329843,1
NZQN05_1_4LDImage1.png,0.9215598231582771,0.8221486813824161,1
NZQN05_1_5FNLImage1.png,1.0,0.0,1
NZQN05_1_5FNLImage3.png,0.6266666691555556,0.0,1
NZQN05_1_5FNLImage4.png,0.8181818190517617,0.0,1
NZQN05_1_5LDImage1.png,0.9792531120342711,0.7205106014712246,1
NZQN05_1_5LDImage4.png,0.3264734705777353,0.5216987319632707,1
NZQN05_1_6FNLImage4.png,6.993006944104847e-09,0.0,1
NZQN05_1_6LDImage1.png,0.9739068392633826,0.8320960032543476,1
NZQN05_1_6LDImage2.png,0.9392691415330838,0.5794026184440902,1
NZQN05_1_7FNLImage6.png,0.8450570343678164,0.0,1
NZQN05_1_7LDImage2.png,0.9056220365801496,0.5430067950169876,1
NZQN05_1_7LDImage4.png,0.7362089202032741,0.5676644182124789,1
NZQN05_1_8FNLImage1.png,1.8181817851239675e-08,0.0,1
NZQN05_1_8FNLImage3.png,0.8962962970644719,0.0,1
NZQN05_1_9FNLImage4.png,0.8620689661117718,0.0,1
NZQN05_1_9LDImage2.png,8.18330604894983e-10,0.0,1
NZQN05_1_9LDImage3.png,1.1389521627118996e-09,0.0,1
NZQN14_1_1FNLImage1.png,0.7248677263234512,0.0,1
NZQN14_1_2LDImage1.png,0.24737214905093152,0.42242174528011806,1
NZQN14_1_3FNLImage1.png,0.7803030311352158,0.16428571428571428,1
NZQN14_1_3FNLImage2.png,0.7150760723166306,0.0,1
NZQN14_1_4FNLImage2.png,0.75202593233059,0.3205521472392638,1
NZQN14_1_4FNLImage3.png,0.8841058018900796,0.5478831088812605,1
NZQN14_1_4LDImage1.png,0.05606617651396755,0.4896041435442101,1
NZQN14_1_5LDImage1.png,0.10492743700051682,0.6454056784155272,1
NZQN14_1_6FNLImage1.png,3.3112582671812637e-09,0.0,1
NZQN14_1_6LDImage1.png,0.7198938068625194,0.30529580805546686,1
NZQN23_1_1LDImage1.png,0.9902510546355013,0.6193002547502746,1
NZQN23_1_2FNLImage3.png,0.9268292688875669,0.0,1
NZQN23_1_3FNLImage7.png,0.7458201058739005,0.5371107147756894,1
NZQN23_1_4FNLImage1.png,0.71014493173703,0.0,1
NZQN23_1_4FNLImage3.png,0.8593750010986329,0.26229508196721313,1
NZQN23_1_4FNLImage4.png,0.8770949727536593,0.12666666666666668,1
NZQN23_1_4FNLImage6.png,0.8714788734657062,0.5012468827930174,1
NZQN23_1_4FNLImage7.png,0.9244299674431206,0.47476660803680154,1
NZQN23_1_5FNLImage6.png,0.8847583645264714,0.34519572953736655,1
NZQN23_1_5FNLImage7.png,0.9163848755252428,0.15425900277008311,1
NZQN23_1_5LDImage2.png,0.8809601865049007,0.5335469107551487,1
NZQN23_1_6LDImage3.png,0.7724544702104483,0.41440918472652216,1
NZQN23_1_7FNLImage3.png,0.01354096174220008,0.0,1
NZQN23_1_7FNLImage4.png,0.8423645327962338,0.0,1
NZQN23_1_7FNLImage7.png,0.7475320225280438,0.2210616683359565,1
NZQN23_1_8FNLImage3.png,0.7969924827293798,0.0,0
NZQN23_1_8FNLImage4.png,0.8000000011111111,0.0,1
NZQN23_1_8FNLImage7.png,0.7929276840417561,0.20701081269619812,1
NZQN23_1_8LDImage2.png,0.8960472198707718,0.6038216204118174,1
NZQN23_1_8LDImage3.png,0.8335335596848507,0.549359457422758,1
NZQN32_1_1LDImage1.png,0.9762940408883735,0.6334811702458761,1
NZQN32_1_2FNLImage4.png,0.8435660219986828,0.0357355568790947,1
NZQN32_1_3FNLImage4.png,0.4824153951676075,0.14637752587481517,1
NZQN32_1_4LDImage2.png,0.9138439877639551,0.6398500351480122,1
NZQN32_1_6FNLImage4.png,0.9241982508393611,0.14382022471910114,1
NZQN32_1_6LDImage2.png,0.8955935324893537,0.5902075307568038,1
NZQN32_1_8LDImage1.png,0.7838997188034936,0.6769823226464994,1
OMAA13L1_1FNLImage2.png,0.883248731557113,0.0,1
OMAA13L1_1FNLImage3.png,0.8384879730636152,0.0,1
OMAA13L1_1LDImage2.png,0.8609195948903562,0.4492185938686598,1
OMAA13L1_2FNLImage4.png,0.8602150541392068,0.6163069544364509,1
OMAA13L1_2LDImage2.png,0.9020820288116718,0.55894752144207,1
OMAA13L1_3FNLImage6.png,0.9599345871137084,0.7368421052631579,1
OMAA13L1_3LDImage1.png,0.8409623847662792,0.48929397360903276,1
OMAA13L1_4FNLImage7.png,0.9693915640221367,0.4823344989750392,1
OMAA13L1_4LDImage1.png,0.9371910611236587,0.792519824831341,1
OMAA13L1_5FNLImage5.png,0.9025032939360957,0.0,1
OMAA13L1_5FNLImage6.png,0.9272510435734937,0.6161383285302594,1
OMAA13L1_6FNLImage1.png,0.20500000397499998,0.0,1
OMAA13L1_6FNLImage4.png,0.9558823529817257,0.6923076923076923,1
OMAA13L1_6FNLImage5.png,0.958373904586569,0.4366634335596508,1
OMAA13L1_6LDImage2.png,0.8641894828409284,0.6236259780156482,1
OMAA13L1_7FNLImage2.png,1.0,0.0,1
OMAA13L1_7FNLImage3.png,1.0,0.0,1
OMAA13L1_7FNLImage4.png,1.0,0.0,1
OMAA13L1_7LDImage2.png,0.884507829984088,0.5274935188975304,1
OMAA13L1_7LDImage3.png,0.32418976051440207,0.17291028731513453,1
OMAA13L1_8FNLImage1.png,0.8536585374776918,0.3956043956043956,1
OMAA13L1_8FNLImage2.png,0.799107143753986,0.0,1
OMAA13L2_1FNLImage6.png,0.8942028987040538,0.02335279399499583,1
OMAA13L2_1FNLImage7.png,0.9228253761132601,0.0,1
OMAA13L2_1LDImage2.png,0.9328076791252654,0.6062979062282244,1
OMAA13L2_1LDImage3.png,0.7099776181053922,0.43002683050122487,1
OMAA13L2_2FNLImage5.png,0.8213256489298972,0.0,1
OMAA13L2_2FNLImage6.png,0.8727984346911968,0.0,1
OMAA13L2_2FNLImage7.png,0.8598382750270631,0.0,1
OMAA13L2_2FNLImage8.png,0.9755944931240318,0.0367634990973248,1
OMAA13L2_3FNLImage2.png,0.8638497658974189,0.0,1
OMAA13L2_3FNLImage3.png,0.8638297878134903,0.0,1
OMAA13L2_3FNLImage5.png,0.8888888891632373,0.0,1
OMAA13L2_3FNLImage6.png,6.535947669699688e-09,0.0,1
OMAA13L2_3FNLImage7.png,0.9339207048874004,0.3654925982644206,1
OMAA13L2_4FNLImage1.png,0.7409638569821454,0.0,1
OMAA13L2_4FNLImage2.png,0.8333333341269841,0.048,1
OMAA13L2_5FNLImage2.png,0.7971014502555486,0.3875598086124402,1
OMAA13L2_5FNLImage3.png,0.8711111116839506,0.0,1
OMAA13L2_5FNLImage6.png,0.8846657930738325,0.0,1
OMAA13L2_6FNLImage1.png,4.184100400903345e-09,0.0,1
OMAA13L2_7FNLImage4.png,1.0,0.0,1
OMAA13L2_7FNLImage8.png,0.9247416650565916,0.40956922065110163,1
OMAA13L2_7LDImage1.png,0.8257199105800754,0.15509330745136102,1
OMAA13L2_7LDImage2.png,1.0,0.0,1
OMAA13L2_8FNLImage1.png,0.8109756109086853,0.0,1
OMAA13L2_8FNLImage3.png,0.8497854083700197,0.4668769716088328,1
OMAA13L2_8FNLImage6.png,0.7798165140500439,0.0,1
OMAA13L2_8FNLImage7.png,0.9236739974620479,0.0,1
OMAA13L2_8FNLImage8.png,0.9392028254441971,0.4222022067102004,1
OMAA13L3_1FNLImage2.png,0.8412162167526479,0.0,1
OMAA13L3_1FNLImage5.png,0.9210722264176677,0.0,1
OMAA13L3_1FNLImage6.png,0.9520697167905168,0.17609545361036824,1
OMAA13L3_1LDImage2.png,0.9925281293958748,0.7709211806681804,1
OMAA13L3_1LDImage4.png,0.991352055049686,0.8390804597701149,1
OMAA13L3_1LDImage5.png,0.9914210907472726,0.8244249904844762,1
OMAA13L3_2FNLImage2.png,0.8706293710817155,0.4730392156862745,1
OMAA13L3_2FNLImage6.png,0.9529028436158463,0.14735048032228076,1
OMAA13L3_2LDImage1.png,0.9917433110376522,0.6726692928156068,1
OMAA13L3_2LDImage4.png,0.991709397613854,0.6384497051534057,1
OMAA13L3_3FNLImage1.png,0.923913043891777,0.0375,1
OMAA13L3_3FNLImage4.png,0.8995535715406768,0.0,1
OMAA13L3_4FNLImage3.png,0.8869565219848772,0.0034129692832764505,1
OMAA13L3_4FNLImage6.png,0.9674525884245381,0.07777259293824856,1
OMAA13L3_5FNLImage1.png,0.8793103455212049,0.0,1
OMAA13L3_5FNLImage3.png,0.9259259260873074,0.12552301255230125,1
OMAA13L3_5FNLImage4.png,0.9212410502133161,0.022568511552928532,1
OMAA13L3_5LDImage1.png,0.9843243716626391,0.8011517615176151,1
OMAA13L3_5LDImage3.png,0.9869293426797756,0.7289693332082904,1
OMAA13L3_6FNLImage5.png,0.9081545065166056,0.0,1
OMAA13L3_7FNLImage5.png,0.8049403749532024,0.0,1
OMAA13L3_7FNLImage6.png,0.5929961090549946,0.0,1
OMAA13L3_7LDImage3.png,0.988599435299739,0.6128794169203801,1
OMAA13L3_8LDImage4.png,0.9865014792907728,0.6338495575221239,1
OMAA13L3_8LDImage5.png,0.9596310493539444,0.5169484025134967,1
PHJR29_1_1FNLImage2.png,0.9111111116049383,0.15288220551378445,1
PHJR29_1_1FNLImage3.png,0.8593155898885338,0.3486238532110092,1
PHJR29_1_1FNLImage4.png,0.8487179491058514,0.00125,1
PHJR29_1_1FNLImage6.png,0.8829588016077163,0.4276629570747218,1
PHJR29_1_1LDImage1.png,0.9426466872691068,0.9144383948376689,1
PHJR29_1_1LDImage2.png,0.9674769375810559,0.8419687396075823,1
PHJR29_1_1LDImage4.png,0.6906852126678047,0.3302284320248392,1
PHJR29_1_2FNL1Image1.png,0.7794117663278547,0.0,1
PHJR29_1_2FNL1Image2.png,0.8974358978742055,0.23415977961432508,1
PHJR29_1_2LDImage3.png,0.8624123939632596,0.680731108484132,1
PHJR29_1_3FNLImage5.png,0.6934389143739379,0.4375,1
PHJR29_1_4FNLImage1.png,0.9108280260456814,0.0,1
PHJR29_1_4FNLImage2.png,0.9171270722810659,0.2674897119341564,1
PHJR29_1_4FNLImage5.png,0.7140522880489342,0.40887480190174325,1
PHJR29_1_4FNLImage6.png,0.5570079887022454,0.6004672897196262,1
PHJR29_1_4LDImage4.png,0.9209541800970125,0.791769130623463,1
PHJR29_1_4LDImage5.png,0.9059757626488947,0.7244594171106237,1
PHJR29_1_5FNLImage1.png,0.8705882360553633,0.0,1
PHJR29_1_5FNLImage4.png,0.833333333829365,0.0,1
PHJR29_1_5FNLImage5.png,0.7763157898415859,0.4658385093167702,1
PHJR29_1_5LDImage2.png,0.9576136589250146,0.8682209076900135,1
PHJR29_1_6FNLImage5.png,0.7225806455192508,0.0,1
PHJR29_1_6LDImage2.png,0.9581169822854666,0.8692353120134576,1
PHJR29_1_6LDImage3.png,0.9286167512713003,0.8023377791098456,1
PHJR29_1_6LDImage4.png,0.913201820947405,0.8269554401112168,1
PHJR29_1_7FNLImage6.png,0.390243902793122,0.12740899357601712,1
PHJR29_1_7LDImage1.png,0.9924389554069494,0.7431931035755819,1
PHJR29_1_7LDImage2.png,0.9534864177828634,0.8602113250652742,1
PHJR29_1_7LDImage4.png,0.8446536080857582,0.6029569892473118,1
PHJR29_1_8FNLImage2.png,0.8062200961573682,0.0,1
PHJR29_1_8FNLImage5.png,0.9340589998526488,0.5373111551960934,1
PHJR29_1_9FNLImage2.png,0.7719298255617113,0.1773049645390071,1
PHJR29_1_9LDImage1.png,0.9563489599512295,0.858459792937172,1
PHJR29_1_9LDImage2.png,0.8794552612022749,0.572208139698634,1
PHJR29_2_1FNLImage3.png,0.7252747267842048,0.06578947368421052,1
PHJR29_2_1FNLImage5.png,0.8869565220667927,0.0,1
PHJR29_2_1FNLImage6.png,0.6077210465657272,0.0,1
PHJR29_2_1FNLImage8.png,0.19583679667537002,0.20048578743517365,1
PHNL08L1_1FNLImage1.png,0.8492063504031242,0.11764705882352941,1
PHNL08L1_1LDImage2.png,1.0,0.0,1
PHNL08L1_1LDImage3.png,0.8681418501610296,0.5704599245186465,1
PHNL08L1_2FNLImage3.png,0.7264957276645482,0.0556792873051225,1
PHNL08L1_2LDImage1.png,0.8833527810235958,0.820827007879708,1
PHNL08L1_3FNLImage4.png,0.8336594915192573,0.0,1
PHNL08L1_3FNLImage6.png,0.8713701431755889,0.03250351501116533,1
PHNL08L1_3LDImage2.png,0.8887699103347919,0.326798778322324,1
PHNL08L1_3LDImage3.png,0.9146071931053632,0.0,1
PHNL08L1_4FNLImage3.png,0.8155339811795017,0.3880597014925373,1
PHNL08L1_5FNLImage1.png,0.7557251927043879,0.0,1
PHNL08L1_5FNLImage2.png,0.7814207662217444,0.0,1
PHNL08L1_5FNLImage6.png,0.8004471772125539,0.43962873953758186,1
PHNL08L1_6FNLImage1.png,0.7900000021,0.0,1
PHNL08L1_6FNLImage3.png,0.503649636847994,0.0,1
PHNL08L1_6LDImage1.png,0.8827549243088899,0.2543912780133253,1
PHNL08L1_7FNLImage3.png,0.9029411767560553,0.0,1
PHNL08L1_7LDImage1.png,0.910106737840209,0.21626506024096387,1
PHNL08L1_7LDImage3.png,1.0172939969305248e-09,0.0,1
PHNL08L1_7LDImage4.png,0.8666166166213851,0.7290959685082123,1
PHNL08L1_8FNLImage4.png,0.8995057662281618,0.45957820738137084,1
PHNL08L1_8LDImage2.png,0.6507453286110912,0.21444052263298036,1
PHNL08L2_1FNLImage1.png,0.6090225593306574,0.03460207612456748,1
PHNL08L2_1FNLImage7.png,0.9166362863146632,0.4405594405594406,1
PHNL08L2_2FNLImage1.png,0.7164179125640454,0.0,1
PHNL08L2_2FNLImage3.png,0.7781690148656021,0.21994884910485935,1
PHNL08L2_2FNLImage4.png,0.8646616544745322,0.0,1
PHNL08L2_2FNLImage6.png,0.8022824536940706,0.0,1
PHNL08L2_2LDImage2.png,0.9328515507478393,0.5467449160638733,1
PHNL08L2_2LDImage4.png,0.9321289467198037,0.7507527056717389,1
PHNL08L2_4FNLImage3.png,0.8191489368115286,0.012259194395796848,1
PHNL08L2_5FNLImage1.png,0.6909090937190082,0.0,1
PHNL08L2_5FNLImage2.png,0.8109756109086853,0.0,1
PHNL08L2_5FNLImage6.png,0.793966817558381,0.0,1
PHNL08L3_1FNLImage1.png,0.6792452860448558,0.0,1
PHNL08L3_1FNLImage5.png,0.7990970659162594,0.0,1
PHNL08L3_1FNLImage6.png,0.8867313919523256,0.0,1
PHNL08L3_2FNLImage1.png,0.714285716553288,0.0,1
PHNL08L3_2FNLImage6.png,0.38205128222733586,0.14673469387755103,1
PHNL08L3_4FNLImage3.png,0.012658234097099786,0.0,1
PHNL08L3_5FNLImage4.png,0.16309013234725264,0.08189655172413793,1
PHNL08L4_1FNLImage1.png,0.731707319254412,0.0,1
PHNL08L4_1LDImage3.png,0.9228198599635623,0.6083358475927761,1
PHNL08L4_2FNLImage4.png,0.8123324401814144,0.03867403314917127,1
PHNL08L4_2FNLImage5.png,0.8029850749209178,0.41329479768786126,1
PHNL08L4_2LDImage5.png,0.8917020240737497,0.5091543654880422,1
PHNL08L4_3FNLImage2.png,0.8045112796653288,0.19032258064516128,1
PHNL08L4_3FNLImage6.png,0.8147632314557615,0.4171562867215041,1
PHNL08L4_3FNLImage7.png,0.8634391413876594,0.34502923976608185,1
PHNL08L4_4FNLImage2.png,0.7651006727174452,0.2586750788643533,1
PHNL08L4_4FNLImage4.png,0.8645161294693028,0.39651416122004357,1
PHNL08L4_4FNLImage6.png,0.6930006932134437,0.6746905089408528,1
PHNL08L4_4LDImage3.png,0.8642037665153183,0.5567526238965733,1
PHNL08L4_5FNLImage2.png,0.866666667654321,0.0,1
PHNL08L4_5LDImage4.png,0.9473255006207579,0.815183450429352,1
PHNL08L4_5LDImage6.png,0.8736933045465491,0.4290125622850726,1
PHNL08L4_5LDImage8.png,0.7718706048140829,0.19743775183386714,1
PHNL08L4_6FNLImage1.png,1.204819262592539e-08,0.0,1
PHNL08L4_6FNLImage4.png,0.801223242198094,0.0,1
PHNL08L4_7FNLImage4.png,0.8608414243985715,0.2967032967032967,1
PHNL08L4_7FNLImage7.png,0.34032582014783735,0.3395307411840018,1
PHNL08L4_7LDImage2.png,0.19592124012160883,0.32944918858231553,1
PHNL08L4_8FNLImage5.png,0.8957055216323535,0.3901734104046243,1
PHNL08L4_8FNLImage6.png,0.9123428940018231,0.0,1
PHNL08L5_1FNLImage1.png,0.824000001408,0.1601423487544484,1
PHNL08L5_2FNLImage1.png,0.6868686900316294,0.014652014652014652,1
PHNL08L5_2FNLImage5.png,0.8164251210685586,0.23625254582484725,1
PHNL08L5_3FNLImage1.png,0.7900000021,0.0,1
PHNL08L5_3FNLImage2.png,0.7826086968336484,0.0,1
PHNL08L5_3LDImage1.png,0.4283004865412592,0.1960012016422444,1
PHNL08L5_3LDImage2.png,0.7766969304175642,0.6788904066407482,1
PHNL08L5_4FNLImage3.png,0.8158995823602528,0.5570032573289903,1
PHNL08L5_4FNLImage4.png,0.790760870133802,0.0867430441898527,1
PHNL08L5_4FNLImage6.png,0.876063713751677,0.7479193637876826,1
PHNL08R1_1FNLImage3.png,0.7808219188090323,0.13003095975232198,1
PHNL08R1_1FNLImage6.png,0.8926441354022979,0.3941717791411043,1
PHNL08R1_1LDImage4.png,0.8963543235992502,0.7753097965863923,1
PHNL08R1_2FNLImage1.png,0.7712418315605108,0.582010582010582,1
PHNL08R1_2LDImage1.png,0.9760136180754296,0.9525669277594746,1
PHNL08R1_2LDImage2.png,0.9398341304584351,0.7978757250189668,1
PHNL08R1_3FNLImage2.png,0.7257142872816327,0.08552631578947369,1
PHNL08R1_3FNLImage4.png,0.8503937013764028,0.12804878048780488,1
PHNL08R1_3FNLImage5.png,0.85043988313654,0.20165745856353592,1
PHNL08R1_4FNLImage2.png,0.869565218100189,0.0,1
PHNL08R1_4FNLImage5.png,0.9113573409657691,0.2869198312236287,1
PHNL08R1_4LDImage1.png,0.9680808706430702,0.8718484412080891,1
PHNL08R1_6LDImage1.png,0.9760659516005659,0.8374234398278431,1
PHNL08R1_6LDImage2.png,0.9513085669488505,0.8772420052064674,1
PHNL08R1_6LDImage3.png,0.8473209786771557,0.6360282971197575,1
PHNL08R1_7FNLImage3.png,0.8206278034949426,0.3949579831932773,1
PHNL08R1_7FNLImage6.png,0.8930957686122588,0.1478770131771596,1
PHNL08R1_7LDImage1.png,0.970557076013716,0.7320400355528075,1
PHNL08R1_7LDImage2.png,0.92523940335485,0.8237781593582614,1
PHNL08R1_7LDImage4.png,0.651714380854551,0.5278810408921933,1
PHNL08R1_8FNLImage3.png,0.8458149786527974,0.4669260700389105,1
PHNL08R1_8FNLImage6.png,0.9326424871629664,0.16623711340206185,1
PHNL08R2_1FNLImage4.png,0.9597585513888158,0.18341121495327103,1
PHNL08R2_2FNLImage5.png,0.9384264538900496,0.06329113924050633,1
PHNL08R2_3LDImage2.png,0.9923826934798435,0.9524414715719064,1
PHNL08R2_4FNLImage4.png,0.9023437501907349,0.41338582677165353,1
PHNL08R2_4FNLImage5.png,0.9388209121926352,0.2992641046606705,1
PHNL08R2_4LDImage2.png,0.9934257328592315,0.9546093345496683,1
PHNL08R2_4LDImage4.png,0.9148811270948517,0.653976961053209,1
PHNL08R2_5FNLImage2.png,0.7793594313901799,0.0,1
PHNL08R2_5LDImage5.png,0.7625183678351398,0.6456387840254322,1
PHNL08R2_7FNLImage1.png,0.8501742165499157,0.0,1
PHNL08R2_8FNLImage1.png,0.8868778285661637,0.18548387096774194,1
PHNL08R2_8LDImage3.png,0.37747305051898755,0.6523340876795958,1
PHNL26R1_1FNLImage1.png,0.8138686138179978,0.0,1
PHNL26R1_1FNLImage4.png,0.8736059481903236,0.0,1
PHNL26R1_1LDImage1.png,0.9871861833633766,0.8124566994596093,1
PHNL26R1_3FNLImage4.png,0.8725165565024561,0.034383954154727794,1
PHNL26R1_3LDImage4.png,0.8444514205113443,0.7075703954454532,1
PHNL26R1_4FNLImage4.png,0.9125683061701853,0.17746113989637305,1
PHNL26R1_5FNLImage5.png,0.9532019704817718,0.5576923076923077,1
PHNL26R1_6LDImage1.png,0.9853509016366645,0.8726736540070936,1
PHNL26R1_8FNLImage2.png,0.7147435906578731,0.0,1
PHNL26R1_8FNLImage3.png,0.7674418610660417,0.14350797266514806,1
PHNL26R1_8FNLImage4.png,0.9087719299846106,0.22567567567567567,1
PHNL26R1_8LDImage2.png,0.9909582092845748,0.7406547684222052,1
PHNL26R1_8LDImage3.png,0.9369864237255723,0.8156398973230656,1
PHNL26R2_1FNLImage1.png,0.8611111117541153,0.009433962264150943,1
PHNL26R2_1FNLImage2.png,0.8539823015310518,0.061946902654867256,1
PHNL26R2_1FNLImage3.png,0.8481012664637078,0.0,1
PHNL26R2_2FNLImage1.png,0.8000000008695652,0.0,1
PHNL26R2_2FNLImage5.png,0.9492537314190242,0.0,1
PHNL26R2_2LDImage4.png,0.8469131806904351,0.6993238484293562,1
PHNL26R2_3FNLImage4.png,0.9022556393427177,0.09980430528375733,1
PHNL26R2_3LDImage2.png,0.9889726672952646,0.8954101539407411,1
PHNL26R2_3LDImage3.png,0.9164745982822116,0.7819140228530269,1
PHNL26R2_4LDImage6.png,0.8491548506088957,0.5104456824512534,1
PHNL26R2_5FNLImage4.png,0.9268292684299638,0.0,1
PHNL26R2_5LDImage2.png,0.9198502294439951,0.785267122924293,1
PHNL26R2_5LDImage4.png,0.8378995433927026,0.5218327639982178,1
PHNL26R2_6FNLImage1.png,0.673366835812227,0.0,1
PHNL26R2_6FNLImage2.png,0.7835497844867975,0.0,1
PHNL26R2_6FNLImage3.png,0.8333333340277778,0.0,1
PHNL26R2_6LDImage1.png,0.9935804566120403,0.7712842536785339,1
PHNL26R2_8LDImage5.png,0.8288938216954408,0.43968759039629735,1
RJTT16L1_1FNLImage1.png,0.8538812787612157,0.0,1
RJTT16L1_1LDImage2.png,0.9056914184102781,0.7667844522968198,1
RJTT16L1_1LDImage3.png,0.9224583572693652,0.5023947387232826,1
RJTT16L1_1LDImage4.png,0.8776818531602973,0.5171219989463385,1
RJTT16L1_2FNLImage3.png,0.5965322930562175,0.5785733321488852,1
RJTT16L1_2LDImage1.png,0.9797410291944254,0.8321620313832115,1
RJTT16L1_3LDImage1.png,0.3836102136109682,0.7037062551667126,1
RJTT16L1_3LDImage3.png,0.6218143933423675,0.723952573236285,1
RJTT16L2_1LDImage3.png,0.8839337235278267,0.39879071794313103,1
RJTT16L2_2LDImage4.png,0.8482645950772425,0.6943396226415094,1
RJTT16L3_1FNLImage1.png,0.8620129872369919,0.0,1
RJTT16L3_1FNLImage2.png,0.8444139822862139,0.12927605409705648,1
RJTT16L3_2FNLImage1.png,0.7217675945633918,0.0,1
RJTT16L3_2LDImage1.png,0.9877036216988039,0.9266080049836474,1
RJTT16L3_2LDImage2.png,0.9281031563424629,0.8849661226403034,1
RJTT16L4_1FNLImage1.png,0.8233215553946235,0.0,1
RJTT16L4_2LDImage1.png,0.17315118551786943,0.507860109459302,1
RJTT16L4_2LDImage2.png,0.607665561606884,0.7064812787387782,1
UHPP16_1_1FNLImage1.png,0.8551401875928029,0.0660377358490566,1
UHPP16_1_1LDImage3.png,0.8796912430237165,0.41114058355437666,1
UHPP16_1_2FNLImage2.png,0.9417475730040532,0.5357917570498916,1
UHPP16_1_3FNLImage2.png,0.888888889251997,0.5558659217877095,1
UHPP16_1_3LDImage1.png,0.512158312165825,0.8119171577321357,1
UHPP16_1_3LDImage3.png,0.8728442182730531,0.30428423426168566,1
UHPP16_1_3LDImage4.png,0.859835720318046,0.19415468471008365,1
UHPP16_1_4FNLImage3.png,0.9024390246065653,0.43089430894308944,1
UHPP16_1_4FNLImage6.png,0.6019556403767019,0.5835918046393779,1
UHPP16_1_5FNLImage2.png,0.8581314883801678,0.0,1
UHPP16_1_5FNLImage3.png,0.9393258428329756,0.52465483234714,1
UHPP16_1_5FNLImage4.png,0.7141600706119964,0.12671456564337036,1
UHPP16_1_6FNLImage3.png,0.9324618737854861,0.0,1
UHPP16_1_7FNLImage5.png,0.9448432187590317,0.3817635270541082,1
VCAA05_1_1LDImage2.png,0.48917461415165703,0.566355948491255,1
VCAA05_1_1LDImage3.png,0.7662754650391634,0.3131556734595442,1
VCAA05_1_2FNLImage1.png,0.9191176472570646,0.0,1
VCAA05_1_2FNLImage3.png,0.8518837459952887,0.14935741576936437,1
VCAA05_1_3FNLImage3.png,0.8962568344460596,0.38203335126412047,1
VCAA05_1_3LDImage2.png,0.5518372703832174,0.50541206730254,1
VCAA05_1_4LDImage3.png,0.6235494352759129,0.5533996412848524,1
VCCA23_1_2FNLImage3.png,0.956884561921499,0.0,1
VCCA23_1_3FNLImage1.png,0.7709923672862887,0.0,1
VCCA23_1_4FNLImage2.png,0.9287128714282914,0.0,1
VCCA23_1_4FNLImage3.png,0.9352465048305765,0.20750782064650677,1
VCCA23_1_4LDImage2.png,0.4362926700558155,0.3890998259769024,1
VDSR05_1_1LDImage1.png,0.9947546230443299,0.8034382505372266,1
VDSR05_1_1LDImage2.png,0.9948658579555326,0.8127453298652164,1
VDSR05_1_2FNLImage1.png,0.855769232156065,0.16455696202531644,1
VDSR05_1_2FNLImage3.png,0.7572254349293327,0.0,0
VDSR05_1_2FNLImage4.png,0.8714285720408164,0.0,1
VDSR05_1_2FNLImage5.png,0.8631284920024344,0.0,1
VDSR05_1_2LDImage2.png,0.9911685209632545,0.7629057372140376,1
VDSR05_1_3FNLImage1.png,1.8867924172303316e-08,0.0,1
VDSR05_1_3FNLImage4.png,0.8818897642445285,0.0,1
VDSR05_1_3LDImage2.png,0.9592229010787117,0.8040931033701244,1
VDSR05_1_4LDImage3.png,0.8187935986918672,0.8346463001041472,1
VDSR05_1_5FNLImage2.png,0.7516778540155848,0.0,1
VDSR05_1_5FNLImage4.png,0.8779527563860128,0.0,1
VDSR05_1_5LDImage2.png,0.9935367360518597,0.8710581639803784,1
VDSR05_1_6FNLImage6.png,0.9546391753044957,0.31569173630454966,1
VDSR05_1_6LDImage3.png,0.8714721824225447,0.7395485710818518,1
VDSR05_1_7FNLImage4.png,0.8513513520209398,0.0,1
VDSR05_1_7FNLImage5.png,0.9261363638462035,0.0,1
VDSR05_1_7LDImage2.png,0.9848073122533397,0.905919609016557,1
VDSR05_1_8FNLImage1.png,0.5221238980343018,0.0,1
VDSR05_1_8FNLImage2.png,0.6304347852867045,0.0,1
VDSR05_1_8FNLImage4.png,0.8709677425301026,0.0,1
VDSR05_1_8LDImage1.png,0.4949145464999876,0.546279660491915,1
VHHH07L1_1FNLImage1.png,1.8518518175582995e-08,0.0,1
VHHH07L1_1FNLImage2.png,0.7637795294190588,0.0,1
VHHH07L1_1FNLImage3.png,0.8955223884495433,0.0,1
VHHH07L1_1FNLImage4.png,0.8827292113374644,0.3430493273542601,1
VHHH07L1_1FNLImage6.png,0.9752342083317657,0.8951221588490679,1
VHHH07L1_1LDImage1.png,0.9945926824339348,0.7601305101761431,1
VHHH07L1_1LDImage3.png,0.8840105742271275,0.6879582256448125,1
VHHH07L1_2FNLImage1.png,2.0833332899305566e-08,0.0,1
VHHH07L1_2FNLImage4.png,0.8333333335006693,0.04632152588555858,1
VHHH07L1_2LDImage5.png,0.631467875595477,0.6052695581678151,1
VHHH07L1_3FNLImage1.png,2.4999999375000016e-08,0.0,1
VHHH07L1_3LDImage1.png,0.9665147428154005,0.7953822166214571,1
VHHH07L1_3LDImage3.png,0.8922256890310639,0.6096153274030881,1
VHHH07L1_4FNLImage6.png,0.9866773084487551,0.5910144498693101,1
VHHH07L1_5FNLImage1.png,2.0833332899305566e-08,0.0,1
VHHH07L1_5FNLImage3.png,0.8923766820969655,0.0,1
VHHH07L1_5FNLImage5.png,0.8867346939931279,0.09701492537313433,1
VHHH07L1_6FNLImage4.png,0.8171701115784259,0.4415807560137457,1
VHHH07L1_6FNLImage6.png,0.9936498667934145,0.6924133963952448,1
VHHH07L1_7FNLImage1.png,1.0,0.0,1
VHHH07L1_7FNLImage2.png,1.0,0.0,1
VHHH07L1_7FNLImage3.png,0.5313732521176798,0.17080030682689848,1
VHHH07L1_7LDImage3.png,0.9098342230989088,0.550440048049815,1
VHHH07L1_7LDImage4.png,0.8758431297034186,0.7261689835710418,1
VHHH07L1_8FNLImage5.png,0.923076923162679,0.3655640373197625,1
VHHH07L1_8LDImage3.png,0.3307524034502691,0.15099619431385716,1
VHHH07L1_8LDImage5.png,0.41959064355770437,0.16062866275972296,1
VHHH07L1_9FNLImage4.png,0.844868735453774,0.23684210526315788,1
VHHH07L1_9LDImage2.png,0.996096946805244,0.8375843041079093,1
VHHH07L1_9LDImage3.png,0.8985648385469358,0.8378931395990435,1
VHHH07L1_9LDImage5.png,0.9046766788650941,0.5240994419076611,1
VHHH25R1_1FNLImage1.png,0.8612716771024759,0.0,1
VHHH25R1_1FNLImage3.png,0.8381294969851457,0.34074074074074073,1
VHHH25R1_1LDImage3.png,0.9075127448374695,0.49031510025917335,1
VHHH25R1_2FNLImage2.png,0.734693878904623,0.0,1
VHHH25R1_2FNLImage3.png,0.775280899718049,0.0,1
VHHH25R1_2LDImage2.png,0.99245098571675,0.8107891574308986,1
VHHH25R1_2LDImage3.png,0.9081174243520437,0.7289161645052901,1
VHHH25R1_2LDImage5.png,0.7618359541213909,0.32062271524013614,1
VHHH25R1_3FNLImage1.png,0.8361581930160554,0.0,1
VHHH25R1_3FNLImage4.png,0.8485576926717363,0.19464720194647203,1
VHHH25R1_3FNLImage6.png,0.925438596532106,0.5106671181848967,1
VHHH25R1_3LDImage1.png,0.9914875444842282,0.6153032873546261,1
VHHH25R1_3LDImage2.png,0.988178113055004,0.7359593636189381,1
VHHH25R1_4FNLImage4.png,0.8353808357853051,0.5424528301886793,1
VHHH25R1_4LDImage1.png,0.922857248140562,0.87633033733218,1
VHHH25R1_4LDImage2.png,0.993010208774156,0.8462923638834622,1
VHHH25R1_5FNLImage4.png,0.8407960202965273,0.0,1
VHHH25R1_5FNLImage5.png,0.8673323825002391,0.0,1
VHHH25R1_5LDImage4.png,0.8515144053280279,0.36191860465116277,1
VHHH25R1_6LDImage1.png,0.8916241890702257,0.5165229885057471,1
VHHH25R1_8FNLImage4.png,0.9120603017284917,0.0,1
VHHH25R1_8FNLImage5.png,0.8317901237163733,0.0,1
VHHH25R1_8LDImage1.png,0.8428644370758717,0.3511886316348665,1
VHHH25R1_8LDImage2.png,0.13002680967267788,0.1357265797885419,1
VHHH25R1_8LDImage3.png,0.19925033841671294,0.05707271137418444,1
VHHH25R1_8LDImage4.png,0.2775716695381474,0.2939574593361301,1
VHHH25R1_9FNLImage1.png,1.0,0.0,1
VHHH25R1_9FNLImage4.png,2.673796784294661e-09,0.043010752688172046,1
VHHH25R1_9LDImage1.png,0.969740899259751,0.7117190321415674,1
VHHH25R1_9LDImage5.png,0.3763077165597178,0.13042449481803986,1
VHHH25R2_1FNLImage1.png,0.848739497069416,0.0,1
VHHH25R2_1FNLImage2.png,0.8445945956446311,0.0,1
VHHH25R2_1FNLImage8.png,0.9327354260466729,0.5963764469048818,1
VHHH25R2_1FNLImage9.png,0.9905770578622711,0.857121189139997,1
VHHH25R2_1LDImage1.png,0.9672939994691614,0.4580083983203359,1
VHHH25R2_3FNLImage4.png,0.8196721321329392,0.0,1
VHHH25R2_3FNLImage5.png,0.7885304667077762,0.0,1
VHHH25R2_3FNLImage6.png,0.8369565221821834,0.0,1
VHHH25R2_3LDImage1.png,0.927994783582935,0.42803977611051564,1
VHHH25R2_3LDImage4.png,0.8534380204790105,0.4816545689569454,1
VHHH25R2_4FNLImage1.png,0.7651515169306703,0.0,1
VHHH25R2_4FNLImage5.png,0.7355932212352773,0.0,1
VHHH25R2_4FNLImage7.png,0.8059259262134431,0.0,1
VHHH25R2_5FNLImage2.png,0.7191011251735892,0.09808612440191387,1
VHHH25R2_5FNLImage4.png,0.7948717959237344,0.0,1
VHHH25R2_5FNLImage5.png,0.7241379318992541,0.0,1
VHHH25R2_5FNLImage7.png,0.7959770117873893,0.20164609053497942,1
VHHH25R2_5FNLImage9.png,0.9927578639361553,0.5162179986809761,1
VHHH25R2_5LDImage4.png,0.5757087629321619,0.4481028821597957,1
VHHH25R2_7FNLImage1.png,1.0,0.0,1
VHHH25R2_7FNLImage2.png,0.824433065234504,0.0,1
VHHH25R2_7LDImage1.png,0.8407733952098755,0.3996636247547264,1
VHHH25R2_8FNLImage8.png,0.9685754190163579,0.0,1
VHHH25R2_9FNLImage2.png,1.0,0.0,1
VHHH25R2_9FNLImage3.png,0.3354838752549427,0.16964285714285715,1
VHHH25R2_9FNLImage4.png,0.683673471001666,0.0,1
VHHH25R2_9FNLImage7.png,0.8488372095952768,0.0,1
VHHH25R2_9FNLImage8.png,0.6581632655241306,0.004118616144975288,1
VHHH25R2_9FNLImage9.png,0.9780016792629721,0.4482275775665119,1
VHHH25R2_9LDImage2.png,0.9852157052840795,0.3642415748232146,1
VHHH25R2_9LDImage4.png,0.40582356338594816,0.24036363636363636,1
VIDP10_1_1FNLImage3.png,0.811244980677731,0.0,1
VIDP10_1_1FNLImage4.png,0.8694267520081951,0.0,1
VIDP10_1_1LDImage2.png,0.8475289169409997,0.0662898004541721,1
VIDP10_1_2LDImage1.png,0.8374971866039278,0.37450501305922995,1
VIDP10_1_3FNLImage3.png,0.48691099745072774,0.04375,1
VIDP10_1_3FNLImage6.png,1.0,0.0,1
VIDP10_1_4FNLImage5.png,0.7584905663415213,0.0,1
VIDP10_1_4LDImage2.png,0.4644990047634375,0.07384855581576893,1
VIDP10_1_4LDImage5.png,0.8672223980912658,0.4626653954375276,1
VIDP10_1_5FNLImage3.png,0.8471615727198185,0.0,1
VIDP10_1_5FNLImage4.png,0.8768656721012474,0.0,1
VIDP10_1_5FNLImage5.png,0.88750000028125,0.0,1
VIDP10_1_6FNLImage7.png,0.6736559141539484,0.44168173598553345,1
VIDP10_1_7FNLImage1.png,1.0,0.0,1
VIDP10_1_7FNLImage2.png,0.7527472541057844,0.0,1
VIDP10_1_7FNLImage3.png,0.889380531462918,0.023076923076923078,1
VIDP10_1_7FNLImage4.png,0.9019607846341151,0.0,1
VIDP10_1_7LDImage1.png,0.5715765844290145,0.27150388457269703,1
VIDP10_1_7LDImage3.png,0.6146788991115447,0.555787852112676,1
VIDP10_1_7LDImage4.png,0.8807836153203639,0.30957738816489033,1
VIDP10_1_8FNLImage2.png,2.173913038752363e-09,0.0,1
VIDP10_1_8LDImage3.png,0.3095141206714809,0.4501749581621786,1
VIDP10_1_9FNLImage4.png,0.8513513518535427,0.0,1
VIDP10_1_9FNLImage5.png,0.5356234102600211,0.0,1
VIDP10_2_1FNLImage1.png,0.8095238108195659,0.0,1
VIDP10_2_1FNLImage4.png,0.8441558446618317,0.0,1
VIDP10_2_1FNLImage6.png,0.886475814524703,0.49002064693737096,1
VIDP10_2_2FNLImage1.png,0.9144736847731995,0.0,1
VIDP10_2_2FNLImage3.png,0.7050691257830916,0.0,1
VIDP10_2_2FNLImage4.png,0.8758169938698791,0.5527638190954773,1
VIDP10_2_2FNLImage5.png,0.5228571435387755,0.12064343163538874,1
VIDP10_2_2LDImage1.png,1.0,0.0,1
VIDP10_2_3LDImage1.png,1.0,0.0,1
VIDP10_2_3LDImage2.png,1.1494252860351433e-09,0.0,1
VIDP10_2_3LDImage4.png,1.0,0.0,1
VIDP10_2_4FNLImage1.png,0.8311688322651375,0.0,1
VIDP10_2_4FNLImage3.png,0.8513513520209398,0.0,1
VIDP10_2_4FNLImage4.png,0.8447204973766445,0.15271966527196654,1
VIDP10_2_4FNLImage6.png,0.3448275868713716,0.02776470588235294,1
VIDP10_2_4LDImage3.png,2.532928064201386e-10,0.11236897274633123,1
VIDP10_2_4LDImage5.png,1.923076886094675e-08,0.0,1
VIDP10_2_5FNLImage3.png,0.8480392164311803,0.03864734299516908,1
VIDP10_2_5LDImage3.png,5.5248618479289396e-09,0.0,1
VIDP10_2_6FNLImage1.png,0.7452229315590896,0.0,1
VIDP10_2_6FNLImage5.png,0.5016129040296566,0.0,1
VIDP10_2_6LDImage2.png,1.0,0.0,1
VIDP10_2_6LDImage3.png,1.0,0.0,1
VIDP10_2_7FNLImage2.png,0.8500000010714286,0.0,1
VIDP10_2_7FNLImage3.png,0.84816754006195,0.0821917808219178,1
VIDP10_2_7FNLImage4.png,0.8912280705570945,0.0,1
VIDP10_2_7LDImage3.png,1.0,0.0,1
VIDP10_2_9FNLImage2.png,0.8108108116630144,0.0,1
VIDP10_2_9FNLImage3.png,0.899305555905189,0.18568994889267462,1
VIDP10_2_9LDImage1.png,1.09445113263714e-10,0.0,1
VIDP10_2_9LDImage2.png,1.0,0.0,1
VIDP28_1_1FNLImage1.png,0.8354430390161833,0.0,1
VIDP28_1_1LDImage3.png,0.9753705131505318,0.8049568965517241,1
VIDP28_1_1LDImage4.png,0.9221141354313472,0.794597055698892,1
VIDP28_1_2FNLImage1.png,0.7187500017578125,0.0,1
VIDP28_1_2FNLImage2.png,0.8313725496808919,0.20212765957446807,1
VIDP28_1_3FNLImage3.png,0.9094412333151422,0.30736842105263157,1
VIDP28_1_3LDImage1.png,0.9800119109662766,0.8366068285814854,1
VIDP28_1_3LDImage5.png,0.47986651846944006,0.42451063829787233,1
VIDP28_1_4FNLImage2.png,0.8185840715991856,0.0,1
VIDP28_1_4FNLImage4.png,0.8848920864965582,0.0,1
VIDP28_1_4LDImage1.png,0.9859713858047839,0.7024773538292616,1
VIDP28_1_4LDImage6.png,0.7586640741440394,0.6966548692773148,1
VIDP28_1_6FNLImage1.png,0.7987804890318263,0.4861878453038674,1
VIDP28_1_6FNLImage2.png,0.7769230777810651,0.0,1
VIDP28_1_6FNLImage5.png,0.9740978525627413,0.6564295621161086,1
VIDP28_1_6LDImage4.png,0.9303805182475592,0.8198781599270878,1
VIDP28_1_6LDImage6.png,0.8136041174275137,0.6864667974222471,1
VIDP28_1_7FNLImage2.png,0.7848605586260535,0.563265306122449,1
VIDP28_1_7LDImage2.png,0.9920248783672556,0.7307550813942794,1
VIDP28_1_8FNLImage2.png,0.8666666671345029,0.1842696629213483,1
VIDP28_1_8LDImage5.png,0.9486639524556914,0.8923448831587429,1
VIDP28_1_8LDImage7.png,0.4046227418431691,0.5774755793909213,1
VIDP28_1_9FNLImage4.png,0.938474159197314,0.0,1
VIDP28_1_9LDImage3.png,0.8811761067659163,0.6545482049213392,1
YBAS12_1_1FNLImage5.png,0.9116997794443713,0.0,1
YBAS12_1_2FNLImage5.png,0.7919799503960402,0.0,1
YBAS12_1_2FNLImage6.png,0.85714285728075,0.0,1
YBAS12_1_3FNLImage3.png,0.8411214960695257,0.2824074074074074,1
YBAS12_1_3FNLImage5.png,0.8778280545750496,0.0,1
YBAS12_1_3LDImage1.png,0.47560045759138375,0.27906378600823045,1
YBAS12_1_3LDImage3.png,0.8769729545365607,0.5696717906107187,1
YBAS12_1_4FNLImage4.png,0.8070175447060634,0.2764976958525346,1
YBAS12_1_4FNLImage5.png,0.8957345974034725,0.48857644991212656,1
YBAS12_1_5FNLImage1.png,0.6946564908804848,0.0,0
YBAS12_1_5FNLImage3.png,0.8861386144250564,0.18446601941747573,1
YBAS12_1_5FNLImage5.png,0.8981481483839163,0.027122641509433963,1
YBAS12_1_6FNLImage4.png,0.8451327440480852,0.0,1
YBAS12_1_6FNLImage5.png,0.8977556112275421,0.3795731707317073,1
YBAS12_1_6FNLImage6.png,0.863157894856879,0.05063291139240506,1
YBAS12_1_6LDImage2.png,0.8427914110550007,0.8757043420616506,1
YBAS12_1_7FNLImage4.png,0.7435897445289753,0.0,1
YBAS12_1_7LDImage1.png,0.7848447961701629,0.10383136305369606,1
YBAS12_1_8FNLImage1.png,2.36966824083017e-09,0.0,1
YBAS12_1_8LDImage1.png,0.8018891069919174,0.6675105485232068,1
YBAS12_1_9FNLImage2.png,0.7368421068020929,0.0,1
YBAS12_1_9FNLImage3.png,0.8356807519451608,0.0,1
YBAS12_1_9LDImage2.png,0.07564040621661662,0.014633140972794724,1
YSSY16L1_1LDImage1.png,0.7919387945589872,0.41227937277478977,1
YSSY16L1_1LDImage2.png,0.12751878419025278,0.7692698760314418,1
YSSY16L1_2LDImage1.png,0.9408279586042887,0.31173043615178714,1
YSSY16L1_3FNLImage1.png,0.7183098604774185,0.019562715765247412,1
YSSY16L1_3FNLImage2.png,0.6190476200554296,0.0,1
YSSY16L1_3FNLImage3.png,0.5072463775257299,0.5877034358047016,1
YSSY16L1_3LDImage2.png,0.06862135189557704,0.13207831325301206,1
YSSY16L1_3LDImage3.png,5.1567656763017343e-11,0.4669738094045771,1
YSSY16L1_4LDImage2.png,0.9214407148253888,0.12348895932950088,1
YSSY16L1_4LDImage4.png,6.980315509773815e-11,0.2530710966838521,1
YSSY16R1_1LDImage2.png,0.9881354620724734,0.8137977061498912,1
YSSY16R1_2FNLImage1.png,0.6297297307304602,0.25523809523809526,1
YSSY16R1_2FNLImage3.png,0.8710762332561232,0.7102085620197585,1
YSSY16R1_2LDImage1.png,0.9778193970115743,0.8371786185500838,1
YSSY16R1_2LDImage3.png,0.9585001820178246,0.8647477479843475,1
YSSY16R1_2LDImage4.png,9.857072448510884e-11,0.27353325562502206,1
YSSY16R1_2LDImage6.png,8.894423195864589e-11,0.5919246834184181,1
YSSY16R1_3FNLImage2.png,0.7902946277464564,0.0,1
YSSY16R1_3LDImage1.png,0.9855986218781878,0.575687543332563,1
YSSY16R1_3LDImage4.png,1.8083182636874648e-10,0.33371854134566,1
YSSY16R1_4LDImage5.png,3.9818427966878294e-11,0.5937902797786034,1
YSSY16R1_5LDImage1.png,0.9912775782455523,0.43531777956556716,1
YSSY16R1_5LDImage3.png,2.5619347730750406e-11,0.19558465946024026,1
YSSY34R1_1FNLImage1.png,0.8468085112901765,0.0,1
YSSY34R1_1FNLImage2.png,0.8519553076761025,0.0,1
YSSY34R1_1FNLImage3.png,0.880412371380593,0.1393188854489164,1
YSSY34R1_1LDImage2.png,0.962779052786865,0.7137596899224806,1
YSSY34R1_2FNLImage4.png,0.7523255816833423,0.0,1
YSSY34R1_3LDImage2.png,0.9380152482527728,0.5285199720445137,1
YSSY34R1_3LDImage4.png,0.6739833641498965,0.5966670182470204,1
YSSY34R1_4FNLImage2.png,0.8205980072405382,0.0,1
YSSY34R1_4LDImage4.png,0.9457065706590204,0.6522961895942655,1
YSSY34R1_5FNLImage1.png,7.812499938964844e-09,0.0,1
YSSY34R1_5LDImage5.png,0.46109332993314317,0.38846041605869847,1
YSSY34R1_5LDImage6.png,0.7709314448081773,0.23993037282921104,1
ZSNB13_1_2FNLImage5.png,0.8509485098890285,0.26166666666666666,1
ZSNB13_1_2FNLImage6.png,0.8237885464495721,0.0,1
ZSNB13_1_2LDImage2.png,0.9801849405563614,0.32035132324049465,1
ZSNB13_1_3FNLImage4.png,0.6783625749803358,0.0,1
ZSNB13_1_3FNLImage7.png,0.9563799429448104,0.0,1
ZSNB13_1_3LDImage4.png,0.8412120699208087,0.48809041711151196,1
ZSNB13_1_3LDImage5.png,0.8634621792773669,0.34264350120958875,1
ZSNB13_1_3LDImage6.png,0.8531989143116661,0.36585547184773987,1
ZSNB31_1_1FNLImage6.png,0.9474375821978481,0.0,1
ZSNB31_1_2FNLImage1.png,0.8677685961341438,0.0,1
ZSNB31_1_3FNLImage3.png,0.809954751991155,0.0,1
ZSNB31_2_1FNLImage1.png,0.762500001484375,0.0,1
ZSNB31_2_1FNLImage2.png,0.8211009182518306,0.0,1
ZSNB31_2_1FNLImage6.png,0.9662823200617956,0.17783321454027085,1
ZSNB31_2_1LDImage2.png,0.9927126981241836,0.6336191104272001,1
ZSNB31_2_1LDImage3.png,0.985677155340061,0.7706472932748095,1
ZSNB31_2_1LDImage6.png,0.9569544918178402,0.5676916016521341,1
ZSNB31_2_2FNLImage4.png,0.8486707569556835,0.013636363636363636,1
ZSNB31_2_2FNLImage5.png,0.591948765240669,0.3218943033630748,1
ZSNB31_2_2LDImage1.png,0.9818265824762319,0.0,1
ZSNB31_2_2LDImage3.png,0.9651800402152093,0.7209606650758217,1
ZSNB31_2_3FNLImage2.png,0.3440860238563225,0.03773584905660377,1
ZSNB31_2_3FNLImage3.png,0.23799126803932036,0.0,1
ZSNB31_2_3FNLImage4.png,0.06576980707657727,0.0,1
ZSNB31_2_3LDImage1.png,0.7128656632046485,0.0,1
ZSNB31_2_3LDImage2.png,0.7597272362936586,0.31892860698994324,1
ZSNB31_2_3LDImage4.png,0.6841479040964604,0.35385447885447885,1
ZSNB31_2_3LDImage5.png,0.90290334436226,0.6951822740208701,1
ZSNB31_3_1FNLImage1.png,0.856000001152,0.09913793103448276,1
ZSNB31_3_1FNLImage4.png,0.803418804258894,0.0,1
ZSNB31_3_1LDImage2.png,0.9896768402159547,0.678914152329904,1
ZSNB31_3_1LDImage5.png,0.9472959007934941,0.8770706386820131,1
ZSNB31_3_2FNLImage2.png,0.84516129132154,0.0,1
ZSNB31_3_2FNLImage4.png,0.8770491808317656,0.0547112462006079,1
ZSNB31_3_2LDImage3.png,0.9422794846393998,0.8849847018300075,1
ZSNB31_3_3FNLImage1.png,0.7164179125640454,0.2815884476534296,1
ZSNB31_3_3FNLImage5.png,0.930313589092984,0.19431988041853512,1
ZSNB31_3_3LDImage3.png,0.7710764102214634,0.5503383018771939,1
ZSNB31_3_3LDImage4.png,0.8597249944594221,0.5387312459230268,1
ZUUU02L1_1FNLImage3.png,0.8686440683532031,0.0,1
ZUUU02L1_1LDImage1.png,0.9394390519895528,0.49953526799545594,1
ZUUU02L1_1LDImage2.png,0.9748814973873743,0.2892898435082805,1
ZUUU02L1_1LDImage3.png,0.9429671910542724,0.3296605122096486,1
ZUUU02R1_1LDImage3.png,0.5363313671363906,0.310962265402215,1
ZUUU02R2_1FNLImage1.png,0.8167202578240507,0.6164383561643836,1
ZUXJ02_1_1FNLImage4.png,0.536741215537568,0.0,0
ZUXJ02_1_1FNLImage5.png,0.8840579713505566,0.0,1
ZUXJ02_1_1FNLImage6.png,0.40792951594015014,0.11843027330063069,1
ZUXJ02_1_1LDImage2.png,0.09939246661692787,0.6358425196850394,1
ZUXJ02_1_1LDImage5.png,0.779025854566717,0.7743774005699418,1
ZUXJ02_1_2FNLImage1.png,0.6640625026245117,0.0,1
ZUXJ02_1_2LDImage2.png,0.9120350877223847,0.3173375164890014,1
ZUXJ02_1_2LDImage5.png,0.47804188935089725,0.4249407710531984,1
ZUXJ02_1_3FNLImage1.png,0.7222222253086419,0.0,1
ZUXJ02_1_3LDImage3.png,0.9095753924630959,0.5094331587240748,1
ZUXJ02_1_4FNLImage4.png,0.8200589975809469,0.0,1
ZUXJ02_1_6FNLImage4.png,0.8489795924531445,0.0,1
ZUXJ02_1_7FNLImage2.png,0.7739463610193626,0.0,1
ZUXJ02_1_7FNLImage4.png,0.8662790698646228,0.13597918022121014,1
ZUXJ02_1_7LDImage2.png,0.9292418011202769,0.5388186427218863,1
ZUXJ02_1_8FNLImage4.png,0.8910891089938392,0.14261603375527426,1
ZUXJ02_1_8LDImage2.png,0.945760016595369,0.7795104004528088,1
ZUXJ02_1_9FNLImage1.png,0.6666666712962962,0.0,1
ZUXJ02_1_9FNLImage3.png,0.20792079992157625,0.0,1
ZUXJ02_1_9LDImage2.png,0.968927230610301,0.6583186679301476,1
